{
  "dataset": "mmqa",
  "corpus": "full (train+dev+test)",
  "n_tables": 646,
  "eval_count": 248,
  "best_edges": [
    "has_column",
    "shared_column_name"
  ],
  "TWIG_R@1": 0.3131048387096775,
  "TWIG_R@2": 0.4165994623655913,
  "TWIG_R@5": 0.5731854838709676,
  "TWIG_R@10": 0.6713037634408601,
  "TWIG_R@50": 0.8498655913978497,
  "TWIG_MRR": 0.7678898267187575,
  "QA_R@1": 0.3164650537634409,
  "QA_R@2": 0.4092069892473119,
  "QA_R@5": 0.538239247311828,
  "QA_R@10": 0.645766129032258,
  "QA_R@50": 0.8245295698924728,
  "QA_MRR": 0.7708715958831246,
  "QA_nDCG@10": 0.5962594739557175
}