config,code,binary,label,num_edges,kept_edges,QA_R@1,QA_R@5,QA_R@10,QA_MRR,QA_nDCG@10,TWIG_R@1,TWIG_R@5,TWIG_R@10,TWIG_MRR,twig_best_epoch,qa_best_epoch,elapsed_min
A62,62,111110,tt + tc + tp + sp + cc,5,"similar_table, has_column, comes_from, same_page, similar_content",0.8553345388788427,0.9656419529837251,0.9945750452079566,0.9062329573179482,0.9276233269658445,0.8137432188065099,0.969258589511754,0.9909584086799277,0.8823445063734023,,,320.6
A63,63,111111,tt + tc + tp + sp + cc + sc,6,"similar_table, has_column, comes_from, same_page, similar_content, shared_column_name",0.8481012658227848,0.9819168173598554,0.9927667269439421,0.9022397253138661,0.9244989948230314,0.7848101265822784,0.9529837251356239,0.9783001808318263,0.8595527002318831,,,186.9
