{
  "experiment": "Query-Aware v2 Edge Ablation (A0-A63)",
  "dataset": "ottqa",
  "edge_types": [
    "similar_table",
    "has_column",
    "comes_from",
    "same_page",
    "similar_content",
    "shared_column_name"
  ],
  "edge_abbreviations": [
    "tt",
    "tc",
    "tp",
    "sp",
    "cc",
    "sc"
  ],
  "timestamp": "2026-06-04T10:43:57.911266",
  "twig_hps": {
    "LEARNING_RATE": 0.0005543418807199451,
    "HIDDEN_CHANNELS": 768,
    "DROPOUT": 0.10028905529000982,
    "WEIGHT_DECAY": 0.03217253330215496,
    "SAGE_AGGR": "min",
    "HETERO_AGGR": "max",
    "CLIP_GRAD_NORM": 0.6,
    "TEMP_START": 0.05,
    "TEMP_END": 0.03,
    "SMOOTH_START": 0.12,
    "SMOOTH_END": 0.06,
    "NUM_EPOCHS": 30,
    "WARMUP_EPOCHS": 2,
    "BATCH_SIZE": 128,
    "CHUNK_SIZE": 1024
  },
  "qa_hps": {
    "QUERY_EDGE_MODE": "E4",
    "BASE_LR": 0.0001,
    "QUERY_LR": 0.0005,
    "NUM_EPOCHS": 15,
    "SUBGRAPH_K": 30
  },
  "results": [
    {
      "config": "A62",
      "code": 62,
      "binary": "111110",
      "label": "tt + tc + tp + sp + cc",
      "num_edges": 5,
      "kept_edges": "similar_table, has_column, comes_from, same_page, similar_content",
      "elapsed_min": 320.6,
      "eval_count": 553,
      "QA_R@1": 0.8553345388788427,
      "QA_R@2": 0.9240506329113924,
      "QA_R@5": 0.9656419529837251,
      "QA_R@10": 0.9945750452079566,
      "QA_R@50": 1.0,
      "QA_MRR": 0.9062329573179482,
      "QA_nDCG@10": 0.9276233269658445,
      "TWIG_R@1": 0.8137432188065099,
      "TWIG_R@2": 0.9095840867992767,
      "TWIG_R@5": 0.969258589511754,
      "TWIG_R@10": 0.9909584086799277,
      "TWIG_R@50": 1.0,
      "TWIG_MRR": 0.8823445063734023,
      "test_eval_count": 554,
      "test_QA_R@1": 0.868231046931408,
      "test_QA_R@2": 0.9314079422382672,
      "test_QA_R@5": 0.98014440433213,
      "test_QA_R@10": 0.9909747292418772,
      "test_QA_R@50": 0.9981949458483754,
      "test_QA_MRR": 0.9162560146765919,
      "test_QA_nDCG@10": 0.934698077722884,
      "test_TWIG_R@1": 0.8429602888086642,
      "test_TWIG_R@2": 0.924187725631769,
      "test_TWIG_R@5": 0.9693140794223827,
      "test_TWIG_R@10": 0.9909747292418772,
      "test_TWIG_R@50": 0.9981949458483754,
      "test_TWIG_MRR": 0.8999902198683785
    },
    {
      "config": "A63",
      "code": 63,
      "binary": "111111",
      "label": "tt + tc + tp + sp + cc + sc",
      "num_edges": 6,
      "kept_edges": "similar_table, has_column, comes_from, same_page, similar_content, shared_column_name",
      "elapsed_min": 186.9,
      "eval_count": 553,
      "QA_R@1": 0.8481012658227848,
      "QA_R@2": 0.9095840867992767,
      "QA_R@5": 0.9819168173598554,
      "QA_R@10": 0.9927667269439421,
      "QA_R@50": 1.0,
      "QA_MRR": 0.9022397253138661,
      "QA_nDCG@10": 0.9244989948230314,
      "TWIG_R@1": 0.7848101265822784,
      "TWIG_R@2": 0.8878842676311031,
      "TWIG_R@5": 0.9529837251356239,
      "TWIG_R@10": 0.9783001808318263,
      "TWIG_R@50": 0.9981916817359855,
      "TWIG_MRR": 0.8595527002318831,
      "test_eval_count": 554,
      "test_QA_R@1": 0.8501805054151624,
      "test_QA_R@2": 0.9332129963898917,
      "test_QA_R@5": 0.9657039711191335,
      "test_QA_R@10": 0.9855595667870036,
      "test_QA_R@50": 1.0,
      "test_QA_MRR": 0.9049973236751214,
      "test_QA_nDCG@10": 0.9245693543468109,
      "test_TWIG_R@1": 0.7906137184115524,
      "test_TWIG_R@2": 0.8880866425992779,
      "test_TWIG_R@5": 0.9602888086642599,
      "test_TWIG_R@10": 0.9729241877256317,
      "test_TWIG_R@50": 1.0,
      "test_TWIG_MRR": 0.8621995853898083
    }
  ]
}