{
  "experiment": "Query-Aware v2 Edge Ablation (A0-A63)",
  "dataset": "feta",
  "edge_types": [
    "similar_table",
    "has_column",
    "comes_from",
    "same_page",
    "similar_content",
    "shared_column_name"
  ],
  "edge_abbreviations": [
    "tt",
    "tc",
    "tp",
    "sp",
    "cc",
    "sc"
  ],
  "timestamp": "2026-06-03T22:13:23.377301",
  "twig_hps": {
    "LEARNING_RATE": 0.0005543418807199451,
    "HIDDEN_CHANNELS": 768,
    "DROPOUT": 0.10028905529000982,
    "WEIGHT_DECAY": 0.03217253330215496,
    "SAGE_AGGR": "min",
    "HETERO_AGGR": "max",
    "CLIP_GRAD_NORM": 0.6,
    "TEMP_START": 0.05,
    "TEMP_END": 0.03,
    "SMOOTH_START": 0.12,
    "SMOOTH_END": 0.06,
    "NUM_EPOCHS": 30,
    "WARMUP_EPOCHS": 2,
    "BATCH_SIZE": 128,
    "CHUNK_SIZE": 1024
  },
  "qa_hps": {
    "QUERY_EDGE_MODE": "E4",
    "BASE_LR": 0.0001,
    "QUERY_LR": 0.0005,
    "NUM_EPOCHS": 15,
    "SUBGRAPH_K": 30
  },
  "results": [
    {
      "config": "A44",
      "code": 44,
      "binary": "101100",
      "label": "tt + tp + sp",
      "num_edges": 3,
      "kept_edges": "similar_table, comes_from, same_page",
      "elapsed_min": 18.2,
      "eval_count": 500,
      "QA_R@1": 0.89,
      "QA_R@2": 0.922,
      "QA_R@5": 0.94,
      "QA_R@10": 0.962,
      "QA_R@50": 0.984,
      "QA_MRR": 0.9150236286374444,
      "QA_nDCG@10": 0.92554524041444,
      "TWIG_R@1": 0.87,
      "TWIG_R@2": 0.906,
      "TWIG_R@5": 0.934,
      "TWIG_R@10": 0.96,
      "TWIG_R@50": 0.992,
      "TWIG_MRR": 0.9006913215112222,
      "test_eval_count": 501,
      "test_QA_R@1": 0.8882235528942116,
      "test_QA_R@2": 0.9241516966067864,
      "test_QA_R@5": 0.9560878243512974,
      "test_QA_R@10": 0.9640718562874252,
      "test_QA_R@50": 0.9860279441117764,
      "test_QA_MRR": 0.917373937991271,
      "test_QA_nDCG@10": 0.9282647454388437,
      "test_TWIG_R@1": 0.8862275449101796,
      "test_TWIG_R@2": 0.9221556886227545,
      "test_TWIG_R@5": 0.9540918163672655,
      "test_TWIG_R@10": 0.9780439121756487,
      "test_TWIG_R@50": 0.9900199600798403,
      "test_TWIG_MRR": 0.9169805338817316
    },
    {
      "config": "A45",
      "code": 45,
      "binary": "101101",
      "label": "tt + tp + sp + sc",
      "num_edges": 4,
      "kept_edges": "similar_table, comes_from, same_page, shared_column_name",
      "elapsed_min": 18.8,
      "eval_count": 500,
      "QA_R@1": 0.874,
      "QA_R@2": 0.912,
      "QA_R@5": 0.94,
      "QA_R@10": 0.956,
      "QA_R@50": 0.98,
      "QA_MRR": 0.9040923794540915,
      "QA_nDCG@10": 0.9160570999728177,
      "TWIG_R@1": 0.862,
      "TWIG_R@2": 0.914,
      "TWIG_R@5": 0.938,
      "TWIG_R@10": 0.958,
      "TWIG_R@50": 0.986,
      "TWIG_MRR": 0.8984296294536537,
      "test_eval_count": 501,
      "test_QA_R@1": 0.8842315369261478,
      "test_QA_R@2": 0.9181636726546906,
      "test_QA_R@5": 0.9461077844311377,
      "test_QA_R@10": 0.9720558882235529,
      "test_QA_R@50": 0.9860279441117764,
      "test_QA_MRR": 0.9132657286775178,
      "test_QA_nDCG@10": 0.926916983604975,
      "test_TWIG_R@1": 0.8802395209580839,
      "test_TWIG_R@2": 0.936127744510978,
      "test_TWIG_R@5": 0.9680638722554891,
      "test_TWIG_R@10": 0.9760479041916168,
      "test_TWIG_R@50": 0.9920159680638723,
      "test_TWIG_MRR": 0.9185847039829341
    },
    {
      "config": "A46",
      "code": 46,
      "binary": "101110",
      "label": "tt + tp + sp + cc",
      "num_edges": 4,
      "kept_edges": "similar_table, comes_from, same_page, similar_content",
      "elapsed_min": 23.5,
      "eval_count": 500,
      "QA_R@1": 0.89,
      "QA_R@2": 0.914,
      "QA_R@5": 0.944,
      "QA_R@10": 0.968,
      "QA_R@50": 0.992,
      "QA_MRR": 0.914265203586111,
      "QA_nDCG@10": 0.9262512931497381,
      "TWIG_R@1": 0.88,
      "TWIG_R@2": 0.904,
      "TWIG_R@5": 0.938,
      "TWIG_R@10": 0.964,
      "TWIG_R@50": 0.992,
      "TWIG_MRR": 0.9061385644363669,
      "test_eval_count": 501,
      "test_QA_R@1": 0.906187624750499,
      "test_QA_R@2": 0.9341317365269461,
      "test_QA_R@5": 0.9760479041916168,
      "test_QA_R@10": 0.9840319361277445,
      "test_QA_R@50": 0.998003992015968,
      "test_QA_MRR": 0.9335129318947588,
      "test_QA_nDCG@10": 0.9453730052623092,
      "test_TWIG_R@1": 0.9041916167664671,
      "test_TWIG_R@2": 0.9281437125748503,
      "test_TWIG_R@5": 0.9580838323353293,
      "test_TWIG_R@10": 0.9840319361277445,
      "test_TWIG_R@50": 0.998003992015968,
      "test_TWIG_MRR": 0.9288189798397785
    },
    {
      "config": "A47",
      "code": 47,
      "binary": "101111",
      "label": "tt + tp + sp + cc + sc",
      "num_edges": 5,
      "kept_edges": "similar_table, comes_from, same_page, similar_content, shared_column_name",
      "elapsed_min": 14.0,
      "eval_count": 500,
      "QA_R@1": 0.89,
      "QA_R@2": 0.924,
      "QA_R@5": 0.946,
      "QA_R@10": 0.964,
      "QA_R@50": 0.99,
      "QA_MRR": 0.9168026460403432,
      "QA_nDCG@10": 0.9271481587306701,
      "TWIG_R@1": 0.874,
      "TWIG_R@2": 0.91,
      "TWIG_R@5": 0.932,
      "TWIG_R@10": 0.954,
      "TWIG_R@50": 0.988,
      "TWIG_MRR": 0.9027724473787198,
      "test_eval_count": 501,
      "test_QA_R@1": 0.9041916167664671,
      "test_QA_R@2": 0.9301397205588823,
      "test_QA_R@5": 0.9560878243512974,
      "test_QA_R@10": 0.9720558882235529,
      "test_QA_R@50": 0.9960079840319361,
      "test_QA_MRR": 0.9286682664045584,
      "test_QA_nDCG@10": 0.9381042859357057,
      "test_TWIG_R@1": 0.874251497005988,
      "test_TWIG_R@2": 0.9161676646706587,
      "test_TWIG_R@5": 0.9540918163672655,
      "test_TWIG_R@10": 0.9700598802395209,
      "test_TWIG_R@50": 1.0,
      "test_TWIG_MRR": 0.9093382321196526
    },
    {
      "config": "A48",
      "code": 48,
      "binary": "110000",
      "label": "tt + tc",
      "num_edges": 2,
      "kept_edges": "similar_table, has_column",
      "elapsed_min": 15.3,
      "eval_count": 500,
      "QA_R@1": 0.878,
      "QA_R@2": 0.914,
      "QA_R@5": 0.952,
      "QA_R@10": 0.966,
      "QA_R@50": 0.994,
      "QA_MRR": 0.9104661429032308,
      "QA_nDCG@10": 0.9227524032164998,
      "TWIG_R@1": 0.874,
      "TWIG_R@2": 0.916,
      "TWIG_R@5": 0.956,
      "TWIG_R@10": 0.968,
      "TWIG_R@50": 0.992,
      "TWIG_MRR": 0.9087283153177674,
      "test_eval_count": 501,
      "test_QA_R@1": 0.8922155688622755,
      "test_QA_R@2": 0.9401197604790419,
      "test_QA_R@5": 0.9700598802395209,
      "test_QA_R@10": 0.9820359281437125,
      "test_QA_R@50": 0.998003992015968,
      "test_QA_MRR": 0.9274277019737893,
      "test_QA_nDCG@10": 0.9403612438788146,
      "test_TWIG_R@1": 0.8862275449101796,
      "test_TWIG_R@2": 0.9261477045908184,
      "test_TWIG_R@5": 0.9680638722554891,
      "test_TWIG_R@10": 0.9840319361277445,
      "test_TWIG_R@50": 0.998003992015968,
      "test_TWIG_MRR": 0.9213708823133933
    },
    {
      "config": "A49",
      "code": 49,
      "binary": "110001",
      "label": "tt + tc + sc",
      "num_edges": 3,
      "kept_edges": "similar_table, has_column, shared_column_name",
      "elapsed_min": 20.9,
      "eval_count": 500,
      "QA_R@1": 0.864,
      "QA_R@2": 0.9,
      "QA_R@5": 0.944,
      "QA_R@10": 0.974,
      "QA_R@50": 0.996,
      "QA_MRR": 0.899347421889704,
      "QA_nDCG@10": 0.9163397101281934,
      "TWIG_R@1": 0.852,
      "TWIG_R@2": 0.894,
      "TWIG_R@5": 0.93,
      "TWIG_R@10": 0.97,
      "TWIG_R@50": 0.996,
      "TWIG_MRR": 0.890482976856945,
      "test_eval_count": 501,
      "test_QA_R@1": 0.8662674650698603,
      "test_QA_R@2": 0.9261477045908184,
      "test_QA_R@5": 0.9520958083832335,
      "test_QA_R@10": 0.9800399201596807,
      "test_QA_R@50": 0.9960079840319361,
      "test_QA_MRR": 0.9083892802697542,
      "test_QA_nDCG@10": 0.9251465143686299,
      "test_TWIG_R@1": 0.872255489021956,
      "test_TWIG_R@2": 0.9121756487025948,
      "test_TWIG_R@5": 0.9461077844311377,