{
  "experiment": "Query-Aware v2 Edge Ablation (A0-A63)",
  "dataset": "mimo_ch",
  "edge_types": [
    "similar_table",
    "has_column",
    "comes_from",
    "same_page",
    "similar_content",
    "shared_column_name"
  ],
  "edge_abbreviations": [
    "tt",
    "tc",
    "tp",
    "sp",
    "cc",
    "sc"
  ],
  "timestamp": "2026-06-03T18:44:16.103382",
  "twig_hps": {
    "LEARNING_RATE": 0.0005543418807199451,
    "HIDDEN_CHANNELS": 768,
    "DROPOUT": 0.10028905529000982,
    "WEIGHT_DECAY": 0.03217253330215496,
    "SAGE_AGGR": "min",
    "HETERO_AGGR": "max",
    "CLIP_GRAD_NORM": 0.6,
    "TEMP_START": 0.05,
    "TEMP_END": 0.03,
    "SMOOTH_START": 0.12,
    "SMOOTH_END": 0.06,
    "NUM_EPOCHS": 30,
    "WARMUP_EPOCHS": 2,
    "BATCH_SIZE": 128,
    "CHUNK_SIZE": 1024
  },
  "qa_hps": {
    "QUERY_EDGE_MODE": "E4",
    "BASE_LR": 0.0001,
    "QUERY_LR": 0.0005,
    "NUM_EPOCHS": 15,
    "SUBGRAPH_K": 30
  },
  "results": [
    {
      "config": "A22",
      "code": 22,
      "binary": "010110",
      "label": "tc + sp + cc",
      "num_edges": 3,
      "kept_edges": "has_column, same_page, similar_content",
      "elapsed_min": 1.7,
      "eval_count": 97,
      "QA_R@1": 0.4161512027491409,
      "QA_R@2": 0.5261168384879725,
      "QA_R@5": 0.6266323024054984,
      "QA_R@10": 0.7159793814432991,
      "QA_R@50": 0.8938144329896909,
      "QA_MRR": 0.6078260776516803,
      "QA_nDCG@10": 0.5967304877223881,
      "TWIG_R@1": 0.42646048109965634,
      "TWIG_R@2": 0.5166666666666667,
      "TWIG_R@5": 0.6128865979381445,
      "TWIG_R@10": 0.7082474226804125,
      "TWIG_R@50": 0.8867697594501718,
      "TWIG_MRR": 0.6147907122427362,
      "test_eval_count": 100,
      "test_QA_R@1": 0.41783333333333333,
      "test_QA_R@2": 0.48483333333333334,
      "test_QA_R@5": 0.608,
      "test_QA_R@10": 0.7117619047619047,
      "test_QA_R@50": 0.8815238095238095,
      "test_QA_MRR": 0.6009575498347727,
      "test_QA_nDCG@10": 0.5809306034204577,
      "test_TWIG_R@1": 0.3703333333333333,
      "test_TWIG_R@2": 0.48233333333333334,
      "test_TWIG_R@5": 0.6228333333333333,
      "test_TWIG_R@10": 0.6886666666666668,
      "test_TWIG_R@50": 0.8635238095238094,
      "test_TWIG_MRR": 0.590637961317121
    },
    {
      "config": "A23",
      "code": 23,
      "binary": "010111",
      "label": "tc + sp + cc + sc",
      "num_edges": 4,
      "kept_edges": "has_column, same_page, similar_content, shared_column_name",
      "elapsed_min": 2.9,
      "eval_count": 97,
      "QA_R@1": 0.4333333333333333,
      "QA_R@2": 0.49347079037800695,
      "QA_R@5": 0.5931271477663231,
      "QA_R@10": 0.6498281786941581,
      "QA_R@50": 0.8539518900343642,
      "QA_MRR": 0.6230742305362491,
      "QA_nDCG@10": 0.5762477284743482,
      "TWIG_R@1": 0.47285223367697604,
      "TWIG_R@2": 0.543298969072165,
      "TWIG_R@5": 0.6029209621993128,
      "TWIG_R@10": 0.6810996563573882,
      "TWIG_R@50": 0.8403780068728524,
      "TWIG_MRR": 0.64807632656181,
      "test_eval_count": 100,
      "test_QA_R@1": 0.3778333333333333,
      "test_QA_R@2": 0.4668333333333333,
      "test_QA_R@5": 0.5466666666666666,
      "test_QA_R@10": 0.6194999999999999,
      "test_QA_R@50": 0.8413809523809525,
      "test_QA_MRR": 0.5645393732636456,
      "test_QA_nDCG@10": 0.523438192547934,
      "test_TWIG_R@1": 0.4136666666666666,
      "test_TWIG_R@2": 0.489,
      "test_TWIG_R@5": 0.5754999999999999,
      "test_TWIG_R@10": 0.6766666666666665,
      "test_TWIG_R@50": 0.8741190476190477,
      "test_TWIG_MRR": 0.599069566724782
    },
    {
      "config": "A24",
      "code": 24,
      "binary": "011000",
      "label": "tc + tp",
      "num_edges": 2,
      "kept_edges": "has_column, comes_from",
      "elapsed_min": 2.0,
      "eval_count": 97,
      "QA_R@1": 0.46082474226804127,
      "QA_R@2": 0.504639175257732,
      "QA_R@5": 0.5943298969072166,
      "QA_R@10": 0.675085910652921,
      "QA_R@50": 0.8580756013745705,
      "QA_MRR": 0.6478048638272348,
      "QA_nDCG@10": 0.5988495995459728,
      "TWIG_R@1": 0.40927835051546385,
      "TWIG_R@2": 0.5020618556701032,
      "TWIG_R@5": 0.6060137457044675,
      "TWIG_R@10": 0.6884879725085912,
      "TWIG_R@50": 0.8218213058419244,
      "TWIG_MRR": 0.5990947036587427,
      "test_eval_count": 100,
      "test_QA_R@1": 0.4086666666666666,
      "test_QA_R@2": 0.4965000000000001,
      "test_QA_R@5": 0.6341666666666667,
      "test_QA_R@10": 0.7186666666666666,
      "test_QA_R@50": 0.9205238095238095,
      "test_QA_MRR": 0.6212300326034906,
      "test_QA_nDCG@10": 0.585340591280148,
      "test_TWIG_R@1": 0.3811666666666666,
      "test_TWIG_R@2": 0.5011666666666668,
      "test_TWIG_R@5": 0.6293333333333334,
      "test_TWIG_R@10": 0.6746666666666666,
      "test_TWIG_R@50": 0.8781666666666667,
      "test_TWIG_MRR": 0.5974636767847964
    },
    {
      "config": "A25",
      "code": 25,
      "binary": "011001",
      "label": "tc + tp + sc",
      "num_edges": 3,
      "kept_edges": "has_column, comes_from, shared_column_name",
      "elapsed_min": 2.1,
      "eval_count": 97,
      "QA_R@1": 0.47285223367697604,
      "QA_R@2": 0.49604810996563586,
      "QA_R@5": 0.5785223367697596,
      "QA_R@10": 0.6725085910652923,
      "QA_R@50": 0.8520618556701032,
      "QA_MRR": 0.6608832824761918,
      "QA_nDCG@10": 0.5980387193453914,
      "TWIG_R@1": 0.45567010309278355,
      "TWIG_R@2": 0.49776632302405505,
      "TWIG_R@5": 0.5750859106529211,
      "TWIG_R@10": 0.6773195876288661,
      "TWIG_R@50": 0.8661512027491409,
      "TWIG_MRR": 0.633565752299754,
      "test_eval_count": 100,
      "test_QA_R@1": 0.4161666666666667,
      "test_QA_R@2": 0.462,
      "test_QA_R@5": 0.6196666666666667,
      "test_QA_R@10": 0.6906666666666667,
      "test_QA_R@50": 0.8618571428571429,
      "test_QA_MRR": 0.6121909482111973,
      "test_QA_nDCG@10": 0.5743523590913299,
      "test_TWIG_R@1": 0.4136666666666667,
      "test_TWIG_R@2": 0.5011666666666668,
      "test_TWIG_R@5": 0.6198333333333333,
      "test_TWIG_R@10": 0.6946666666666667,
      "test_TWIG_R@50": 0.8857619047619048,
      "test_TWIG_MRR": 0.6179197154305851
    },
    {
      "config": "A26",
      "code": 26,
      "binary": "011010",
      "label": "tc + tp + cc",
      "num_edges": 3,
      "kept_edges": "has_column, comes_from, similar_content",
      "elapsed_min": 3.0,
      "eval_count": 97,
      "QA_R@1": 0.4298969072164949,
      "QA_R@2": 0.4883161512027493,
      "QA_R@5": 0.5690721649484538,
      "QA_R@10": 0.6556701030927836,
      "QA_R@50": 0.9096219931271478,
      "QA_MRR": 0.6146602992183328,
      "QA_nDCG@10": 0.5686176337732469,
      "TWIG_R@1": 0.43505154639175253,
      "TWIG_R@2": 0.5063573883161513,
      "TWIG_R@5": 0.5785223367697596,
      "TWIG_R@10": 0.6927835051546394,
      "TWIG_R@50": 0.8634020618556699,
      "TWIG_MRR": 0.6251682412059517,
      "test_eval_count": 100,
      "test_QA_R@1": 0.4011666666666666,
      "test_QA_R@2": 0.4535,
      "test_QA_R@5": 0.5706666666666667,
      "test_QA_R@10": 0.6606666666666666,
      "test_QA_R@50": 0.8765952380952382,
      "test_QA_MRR": 0.593539722275461,
      "test_QA_nDCG@10": 0.5523739404397342,
      "test_TWIG_R@1": 0.4253333333333334,
      "test_TWIG_R@2": 0.4585,
      "test_TWIG_R@5": 0.5733333333333334,
      "test_TWIG_R@10": 0.7244999999999999,
      "test_TWIG_R@50": 0.8601666666666666,
      "test_TWIG_MRR": 0.6121505984325755
    },
    {
      "config": "A27",
      "code": 27,
      "binary": "011011",
      "label": "tc + tp + cc + sc",
      "num_edges": 4,
      "kept_edges": "has_column, comes_from, similar_content, shared_column_name",
      "elapsed_min": 3.4,
      "eval_count": 97,
      "QA_R@1": 0.4298969072164949,
      "QA_R@2": 0.5080756013745705,
      "QA_R@5": 0.5613402061855672,
      "QA_R@10": 0.6498281786941581,
      "QA_R@50": 0.9,
      "QA_MRR": 0.6172465034714087,
      "QA_nDCG@10": 0.5731374375581483,