config,code,binary,label,num_edges,kept_edges,QA_R@1,QA_R@5,QA_R@10,QA_MRR,QA_nDCG@10,TWIG_R@1,TWIG_R@5,TWIG_R@10,TWIG_MRR,twig_best_epoch,qa_best_epoch,elapsed_min
A54,54,110110,tt + tc + sp + cc,4,"similar_table, has_column, same_page, similar_content",0.8282097649186256,0.9746835443037974,0.9981916817359855,0.8918101839892075,0.9180265748842198,0.7739602169981917,0.9746835443037974,0.9855334538878843,0.8589546066580278,,,109.5
A55,55,110111,tt + tc + sp + cc + sc,5,"similar_table, has_column, same_page, similar_content, shared_column_name",0.8047016274864376,0.9710669077757685,0.9927667269439421,0.8788596775938545,0.9069977572396409,0.7504520795660036,0.9511754068716094,0.9837251356238698,0.8358509509062636,,,92.9
