{
  "experiment": "Query-Aware v2 Edge Ablation (A0-A63)",
  "dataset": "ottqa",
  "edge_types": [
    "similar_table",
    "has_column",
    "comes_from",
    "same_page",
    "similar_content",
    "shared_column_name"
  ],
  "edge_abbreviations": [
    "tt",
    "tc",
    "tp",
    "sp",
    "cc",
    "sc"
  ],
  "timestamp": "2026-06-04T01:49:33.111367",
  "twig_hps": {
    "LEARNING_RATE": 0.0005543418807199451,
    "HIDDEN_CHANNELS": 768,
    "DROPOUT": 0.10028905529000982,
    "WEIGHT_DECAY": 0.03217253330215496,
    "SAGE_AGGR": "min",
    "HETERO_AGGR": "max",
    "CLIP_GRAD_NORM": 0.6,
    "TEMP_START": 0.05,
    "TEMP_END": 0.03,
    "SMOOTH_START": 0.12,
    "SMOOTH_END": 0.06,
    "NUM_EPOCHS": 30,
    "WARMUP_EPOCHS": 2,
    "BATCH_SIZE": 128,
    "CHUNK_SIZE": 1024
  },
  "qa_hps": {
    "QUERY_EDGE_MODE": "E4",
    "BASE_LR": 0.0001,
    "QUERY_LR": 0.0005,
    "NUM_EPOCHS": 15,
    "SUBGRAPH_K": 30
  },
  "results": [
    {
      "config": "A54",
      "code": 54,
      "binary": "110110",
      "label": "tt + tc + sp + cc",
      "num_edges": 4,
      "kept_edges": "similar_table, has_column, same_page, similar_content",
      "elapsed_min": 109.5,
      "eval_count": 553,
      "QA_R@1": 0.8282097649186256,
      "QA_R@2": 0.9150090415913201,
      "QA_R@5": 0.9746835443037974,
      "QA_R@10": 0.9981916817359855,
      "QA_R@50": 1.0,
      "QA_MRR": 0.8918101839892075,
      "QA_nDCG@10": 0.9180265748842198,
      "TWIG_R@1": 0.7739602169981917,
      "TWIG_R@2": 0.891500904159132,
      "TWIG_R@5": 0.9746835443037974,
      "TWIG_R@10": 0.9855334538878843,
      "TWIG_R@50": 0.9981916817359855,
      "TWIG_MRR": 0.8589546066580278,
      "test_eval_count": 554,
      "test_QA_R@1": 0.8321299638989169,
      "test_QA_R@2": 0.9205776173285198,
      "test_QA_R@5": 0.9729241877256317,
      "test_QA_R@10": 0.9873646209386282,
      "test_QA_R@50": 0.9981949458483754,
      "test_QA_MRR": 0.8921333341189142,
      "test_QA_nDCG@10": 0.9152544498106631,
      "test_TWIG_R@1": 0.8086642599277978,
      "test_TWIG_R@2": 0.8880866425992779,
      "test_TWIG_R@5": 0.9620938628158845,
      "test_TWIG_R@10": 0.9819494584837545,
      "test_TWIG_R@50": 1.0,
      "test_TWIG_MRR": 0.8739270097436002
    },
    {
      "config": "A55",
      "code": 55,
      "binary": "110111",
      "label": "tt + tc + sp + cc + sc",
      "num_edges": 5,
      "kept_edges": "similar_table, has_column, same_page, similar_content, shared_column_name",
      "elapsed_min": 92.9,
      "eval_count": 553,
      "QA_R@1": 0.8047016274864376,
      "QA_R@2": 0.9059674502712477,
      "QA_R@5": 0.9710669077757685,
      "QA_R@10": 0.9927667269439421,
      "QA_R@50": 0.9981916817359855,
      "QA_MRR": 0.8788596775938545,
      "QA_nDCG@10": 0.9069977572396409,
      "TWIG_R@1": 0.7504520795660036,
      "TWIG_R@2": 0.8535262206148282,
      "TWIG_R@5": 0.9511754068716094,
      "TWIG_R@10": 0.9837251356238698,
      "TWIG_R@50": 0.9981916817359855,
      "TWIG_MRR": 0.8358509509062636,
      "test_eval_count": 554,
      "test_QA_R@1": 0.8375451263537906,
      "test_QA_R@2": 0.9169675090252708,
      "test_QA_R@5": 0.9657039711191335,
      "test_QA_R@10": 0.9855595667870036,
      "test_QA_R@50": 0.9963898916967509,
      "test_QA_MRR": 0.894505825101493,
      "test_QA_nDCG@10": 0.9165053587079941,
      "test_TWIG_R@1": 0.7490974729241877,
      "test_TWIG_R@2": 0.8664259927797834,
      "test_TWIG_R@5": 0.9512635379061372,
      "test_TWIG_R@10": 0.9765342960288809,
      "test_TWIG_R@50": 1.0,
      "test_TWIG_MRR": 0.8373177463115669
    }
  ]
}