{
  "experiment": "Query-Aware v2 Edge Ablation (A0-A63)",
  "dataset": "ottqa",
  "edge_types": [
    "similar_table",
    "has_column",
    "comes_from",
    "same_page",
    "similar_content",
    "shared_column_name"
  ],
  "edge_abbreviations": [
    "tt",
    "tc",
    "tp",
    "sp",
    "cc",
    "sc"
  ],
  "timestamp": "2026-06-04T12:31:31.435778",
  "twig_hps": {
    "LEARNING_RATE": 0.0005543418807199451,
    "HIDDEN_CHANNELS": 768,
    "DROPOUT": 0.10028905529000982,
    "WEIGHT_DECAY": 0.03217253330215496,
    "SAGE_AGGR": "min",
    "HETERO_AGGR": "max",
    "CLIP_GRAD_NORM": 0.6,
    "TEMP_START": 0.05,
    "TEMP_END": 0.03,
    "SMOOTH_START": 0.12,
    "SMOOTH_END": 0.06,
    "NUM_EPOCHS": 30,
    "WARMUP_EPOCHS": 2,
    "BATCH_SIZE": 128,
    "CHUNK_SIZE": 1024
  },
  "qa_hps": {
    "QUERY_EDGE_MODE": "E4",
    "BASE_LR": 0.0001,
    "QUERY_LR": 0.0005,
    "NUM_EPOCHS": 15,
    "SUBGRAPH_K": 30
  },
  "results": [
    {
      "config": "A49",
      "code": 49,
      "binary": "110001",
      "label": "tt + tc + sc",
      "num_edges": 3,
      "kept_edges": "similar_table, has_column, shared_column_name",
      "elapsed_min": 183.4,
      "eval_count": 553,
      "QA_R@1": 0.8462929475587704,
      "QA_R@2": 0.918625678119349,
      "QA_R@5": 0.9674502712477396,
      "QA_R@10": 0.9837251356238698,
      "QA_R@50": 0.9981916817359855,
      "QA_MRR": 0.901443734646783,
      "QA_nDCG@10": 0.9213438407825397,
      "TWIG_R@1": 0.8264014466546112,
      "TWIG_R@2": 0.9168173598553345,
      "TWIG_R@5": 0.9674502712477396,
      "TWIG_R@10": 0.9873417721518988,
      "TWIG_R@50": 0.9963833634719711,
      "TWIG_MRR": 0.8900981911752041,
      "test_eval_count": 554,
      "test_QA_R@1": 0.855595667870036,
      "test_QA_R@2": 0.9314079422382672,
      "test_QA_R@5": 0.9747292418772563,
      "test_QA_R@10": 0.9891696750902527,
      "test_QA_R@50": 0.9981949458483754,
      "test_QA_MRR": 0.9081667118791218,
      "test_QA_nDCG@10": 0.92800393745725,
      "test_TWIG_R@1": 0.8285198555956679,
      "test_TWIG_R@2": 0.907942238267148,
      "test_TWIG_R@5": 0.9620938628158845,
      "test_TWIG_R@10": 0.9873646209386282,
      "test_TWIG_R@50": 0.9981949458483754,
      "test_TWIG_MRR": 0.888011380151431
    },
    {
      "config": "A50",
      "code": 50,
      "binary": "110010",
      "label": "tt + tc + cc",
      "num_edges": 3,
      "kept_edges": "similar_table, has_column, similar_content",
      "elapsed_min": 289.8,
      "eval_count": 553,
      "QA_R@1": 0.8481012658227848,
      "QA_R@2": 0.9168173598553345,
      "QA_R@5": 0.976491862567812,
      "QA_R@10": 0.9855334538878843,
      "QA_R@50": 1.0,
      "QA_MRR": 0.9021454948241849,
      "QA_nDCG@10": 0.9222900568114956,
      "TWIG_R@1": 0.7938517179023508,
      "TWIG_R@2": 0.895117540687161,
      "TWIG_R@5": 0.9638336347197106,
      "TWIG_R@10": 0.9909584086799277,
      "TWIG_R@50": 1.0,
      "TWIG_MRR": 0.8688411150165216,
      "test_eval_count": 554,
      "test_QA_R@1": 0.8357400722021661,
      "test_QA_R@2": 0.9151624548736462,
      "test_QA_R@5": 0.9584837545126353,
      "test_QA_R@10": 0.9855595667870036,
      "test_QA_R@50": 0.9981949458483754,
      "test_QA_MRR": 0.8929044981241046,
      "test_QA_nDCG@10": 0.9151169267511576,
      "test_TWIG_R@1": 0.7851985559566786,
      "test_TWIG_R@2": 0.8989169675090253,
      "test_TWIG_R@5": 0.9584837545126353,
      "test_TWIG_R@10": 0.9819494584837545,
      "test_TWIG_R@50": 1.0,
      "test_TWIG_MRR": 0.8631515537515376
    },
    {
      "config": "A51",
      "code": 51,
      "binary": "110011",
      "label": "tt + tc + cc + sc",
      "num_edges": 4,
      "kept_edges": "similar_table, has_column, similar_content, shared_column_name",
      "elapsed_min": 142.0,
      "eval_count": 553,
      "QA_R@1": 0.8245931283905967,
      "QA_R@2": 0.918625678119349,
      "QA_R@5": 0.976491862567812,
      "QA_R@10": 0.9909584086799277,
      "QA_R@50": 0.9981916817359855,
      "QA_MRR": 0.8902885617631615,
      "QA_nDCG@10": 0.9150972079545084,
      "TWIG_R@1": 0.7703435804701627,
      "TWIG_R@2": 0.8878842676311031,
      "TWIG_R@5": 0.9602169981916817,
      "TWIG_R@10": 0.9855334538878843,
      "TWIG_R@50": 0.9963833634719711,
      "TWIG_MRR": 0.8544429867586978,
      "test_eval_count": 554,
      "test_QA_R@1": 0.8592057761732852,
      "test_QA_R@2": 0.9259927797833934,
      "test_QA_R@5": 0.9657039711191335,
      "test_QA_R@10": 0.9855595667870036,
      "test_QA_R@50": 0.9963898916967509,
      "test_QA_MRR": 0.9076579106813762,
      "test_QA_nDCG@10": 0.9264105386296889,
      "test_TWIG_R@1": 0.7870036101083032,
      "test_TWIG_R@2": 0.8953068592057761,
      "test_TWIG_R@5": 0.9512635379061372,
      "test_TWIG_R@10": 0.98014440433213,
      "test_TWIG_R@50": 0.9945848375451264,
      "test_TWIG_MRR": 0.8622100858773021
    }
  ]
}