config,code,binary,label,num_edges,kept_edges,QA_R@1,QA_R@5,QA_R@10,QA_MRR,QA_nDCG@10,TWIG_R@1,TWIG_R@5,TWIG_R@10,TWIG_MRR,twig_best_epoch,qa_best_epoch,elapsed_min
A49,49,110001,tt + tc + sc,3,"similar_table, has_column, shared_column_name",0.8462929475587704,0.9674502712477396,0.9837251356238698,0.901443734646783,0.9213438407825397,0.8264014466546112,0.9674502712477396,0.9873417721518988,0.8900981911752041,,,183.4
A50,50,110010,tt + tc + cc,3,"similar_table, has_column, similar_content",0.8481012658227848,0.976491862567812,0.9855334538878843,0.9021454948241849,0.9222900568114956,0.7938517179023508,0.9638336347197106,0.9909584086799277,0.8688411150165216,,,289.8
A51,51,110011,tt + tc + cc + sc,4,"similar_table, has_column, similar_content, shared_column_name",0.8245931283905967,0.976491862567812,0.9909584086799277,0.8902885617631615,0.9150972079545084,0.7703435804701627,0.9602169981916817,0.9855334538878843,0.8544429867586978,,,142.0
