{
  "experiment": "Query-Aware v2 Edge Ablation (A0-A63)",
  "dataset": "e2ewtq",
  "edge_types": [
    "similar_table",
    "has_column",
    "comes_from",
    "same_page",
    "similar_content",
    "shared_column_name"
  ],
  "edge_abbreviations": [
    "tt",
    "tc",
    "tp",
    "sp",
    "cc",
    "sc"
  ],
  "timestamp": "2026-06-03T17:59:52.679822",
  "twig_hps": {
    "LEARNING_RATE": 0.0005543418807199451,
    "HIDDEN_CHANNELS": 768,
    "DROPOUT": 0.10028905529000982,
    "WEIGHT_DECAY": 0.03217253330215496,
    "SAGE_AGGR": "min",
    "HETERO_AGGR": "max",
    "CLIP_GRAD_NORM": 0.6,
    "TEMP_START": 0.05,
    "TEMP_END": 0.03,
    "SMOOTH_START": 0.12,
    "SMOOTH_END": 0.06,
    "NUM_EPOCHS": 30,
    "WARMUP_EPOCHS": 2,
    "BATCH_SIZE": 128,
    "CHUNK_SIZE": 1024
  },
  "qa_hps": {
    "QUERY_EDGE_MODE": "E4",
    "BASE_LR": 0.0001,
    "QUERY_LR": 0.0005,
    "NUM_EPOCHS": 15,
    "SUBGRAPH_K": 30
  },
  "results": [
    {
      "config": "A24",
      "code": 24,
      "binary": "011000",
      "label": "tc + tp",
      "num_edges": 2,
      "kept_edges": "has_column, comes_from",
      "elapsed_min": 2.7,
      "eval_count": 60,
      "QA_R@1": 0.43333333333333335,
      "QA_R@2": 0.5666666666666667,
      "QA_R@5": 0.8,
      "QA_R@10": 0.95,
      "QA_R@50": 1.0,
      "QA_MRR": 0.5922378547378548,
      "QA_nDCG@10": 0.6757256945590107,
      "TWIG_R@1": 0.36666666666666664,
      "TWIG_R@2": 0.5833333333333334,
      "TWIG_R@5": 0.8666666666666667,
      "TWIG_R@10": 0.95,
      "TWIG_R@50": 1.0,
      "TWIG_MRR": 0.5700692024777391,
      "test_eval_count": 61,
      "test_QA_R@1": 0.4262295081967213,
      "test_QA_R@2": 0.5901639344262295,
      "test_QA_R@5": 0.8852459016393442,
      "test_QA_R@10": 0.9508196721311475,
      "test_QA_R@50": 1.0,
      "test_QA_MRR": 0.5971333993874978,
      "test_QA_nDCG@10": 0.6799605591248481,
      "test_TWIG_R@1": 0.39344262295081966,
      "test_TWIG_R@2": 0.5737704918032787,
      "test_TWIG_R@5": 0.819672131147541,
      "test_TWIG_R@10": 0.9508196721311475,
      "test_TWIG_R@50": 1.0,
      "test_TWIG_MRR": 0.5725871123412106
    },
    {
      "config": "A25",
      "code": 25,
      "binary": "011001",
      "label": "tc + tp + sc",
      "num_edges": 3,
      "kept_edges": "has_column, comes_from, shared_column_name",
      "elapsed_min": 2.7,
      "eval_count": 60,
      "QA_R@1": 0.36666666666666664,
      "QA_R@2": 0.48333333333333334,
      "QA_R@5": 0.7166666666666667,
      "QA_R@10": 0.8833333333333333,
      "QA_R@50": 1.0,
      "QA_MRR": 0.5121073271888489,
      "QA_nDCG@10": 0.5950875974460855,
      "TWIG_R@1": 0.31666666666666665,
      "TWIG_R@2": 0.4666666666666667,
      "TWIG_R@5": 0.7333333333333333,
      "TWIG_R@10": 0.9,
      "TWIG_R@50": 1.0,
      "TWIG_MRR": 0.49290744749078075,
      "test_eval_count": 61,
      "test_QA_R@1": 0.4426229508196721,
      "test_QA_R@2": 0.6065573770491803,
      "test_QA_R@5": 0.7377049180327869,
      "test_QA_R@10": 0.8688524590163934,
      "test_QA_R@50": 1.0,
      "test_QA_MRR": 0.5883363837417307,
      "test_QA_nDCG@10": 0.6483561377773691,
      "test_TWIG_R@1": 0.47540983606557374,
      "test_TWIG_R@2": 0.5901639344262295,
      "test_TWIG_R@5": 0.7704918032786885,
      "test_TWIG_R@10": 0.9016393442622951,
      "test_TWIG_R@50": 1.0,
      "test_TWIG_MRR": 0.6061388368765417
    },
    {
      "config": "A26",
      "code": 26,
      "binary": "011010",
      "label": "tc + tp + cc",
      "num_edges": 3,
      "kept_edges": "has_column, comes_from, similar_content",
      "elapsed_min": 2.2,
      "eval_count": 60,
      "QA_R@1": 0.3333333333333333,
      "QA_R@2": 0.45,
      "QA_R@5": 0.65,
      "QA_R@10": 0.8333333333333334,
      "QA_R@50": 1.0,
      "QA_MRR": 0.48625164090434236,
      "QA_nDCG@10": 0.5601821718621636,
      "TWIG_R@1": 0.4,
      "TWIG_R@2": 0.55,
      "TWIG_R@5": 0.7666666666666667,
      "TWIG_R@10": 0.8833333333333333,
      "TWIG_R@50": 1.0,
      "TWIG_MRR": 0.5558854327861682,
      "test_eval_count": 61,
      "test_QA_R@1": 0.4098360655737705,
      "test_QA_R@2": 0.6065573770491803,
      "test_QA_R@5": 0.7704918032786885,
      "test_QA_R@10": 0.8852459016393442,
      "test_QA_R@50": 1.0,
      "test_QA_MRR": 0.5746836572656244,
      "test_QA_nDCG@10": 0.6452075374208875,
      "test_TWIG_R@1": 0.4262295081967213,
      "test_TWIG_R@2": 0.5573770491803278,
      "test_TWIG_R@5": 0.819672131147541,
      "test_TWIG_R@10": 0.9180327868852459,
      "test_TWIG_R@50": 1.0,
      "test_TWIG_MRR": 0.5800458034679347
    },
    {
      "config": "A27",
      "code": 27,
      "binary": "011011",
      "label": "tc + tp + cc + sc",
      "num_edges": 4,
      "kept_edges": "has_column, comes_from, similar_content, shared_column_name",
      "elapsed_min": 2.0,
      "eval_count": 60,
      "QA_R@1": 0.2833333333333333,
      "QA_R@2": 0.4166666666666667,
      "QA_R@5": 0.7166666666666667,
      "QA_R@10": 0.7833333333333333,
      "QA_R@50": 1.0,
      "QA_MRR": 0.45042807886557873,
      "QA_nDCG@10": 0.5205586984496273,
      "TWIG_R@1": 0.3,
      "TWIG_R@2": 0.4166666666666667,
      "TWIG_R@5": 0.75,
      "TWIG_R@10": 0.8833333333333333,
      "TWIG_R@50": 0.9833333333333333,
      "TWIG_MRR": 0.4757879188712522,
      "test_eval_count": 61,
      "test_QA_R@1": 0.3442622950819672,
      "test_QA_R@2": 0.45901639344262296,
      "test_QA_R@5": 0.7049180327868853,
      "test_QA_R@10": 0.8524590163934426,
      "test_QA_R@50": 1.0,
      "test_QA_MRR": 0.49921954184249256,
      "test_QA_nDCG@10": 0.575274477839813,
      "test_TWIG_R@1": 0.4262295081967213,
      "test_TWIG_R@2": 0.5409836065573771,
      "test_TWIG_R@5": 0.7868852459016393,
      "test_TWIG_R@10": 0.9180327868852459,
      "test_TWIG_R@50": 1.0,
      "test_TWIG_MRR": 0.5761725023610269
    },
    {
      "config": "A32",
      "code": 32,
      "binary": "100000",
      "label": "tt",
      "num_edges": 1,
      "kept_edges": "similar_table",
      "elapsed_min": 2.9,
      "eval_count": 60,
      "QA_R@1": 0.26666666666666666,
      "QA_R@2": 0.4,
      "QA_R@5": 0.6666666666666666,
      "QA_R@10": 0.7666666666666667,
      "QA_R@50": 1.0,
      "QA_MRR": 0.436669956047118,
      "QA_nDCG@10": 0.5073330015034542,
      "TWIG_R@1": 0.21666666666666667,
      "TWIG_R@2": 0.45,
      "TWIG_R@5": 0.55,
      "TWIG_R@10": 0.7666666666666667,
      "TWIG_R@50": 1.0,
      "TWIG_MRR": 0.40182791427737513,
      "test_eval_count": 61,
      "test_QA_R@1": 0.26229508196721313,
      "test_QA_R@2": 0.4262295081967213,
      "test_QA_R@5": 0.6721311475409836,
      "test_QA_R@10": 0.8360655737704918,
      "test_QA_R@50": 0.9836065573770492,
      "test_QA_MRR": 0.442057607559054,
      "test_QA_nDCG@10": 0.5296827274807493,
      "test_TWIG_R@1": 0.26229508196721313,
      "test_TWIG_R@2": 0.4262295081967213,
      "test_TWIG_R@5": 0.5901639344262295,
      "test_TWIG_R@10": 0.8032786885245902,
      "test_TWIG_R@50": 1.0,
      "test_TWIG_MRR": 0.4310643894660288
    }
  ]
}