config,code,binary,label,num_edges,kept_edges,QA_R@1,QA_R@5,QA_R@10,QA_MRR,QA_nDCG@10,TWIG_R@1,TWIG_R@5,TWIG_R@10,TWIG_MRR,twig_best_epoch,qa_best_epoch,elapsed_min
A36,36,100100,tt + sp,2,"similar_table, same_page",0.7739602169981917,0.9547920433996383,0.9837251356238698,0.8580263729324998,0.888850810490923,0.7070524412296564,0.9403254972875226,0.972875226039783,0.8047408587927928,,,115.7
A37,37,100101,tt + sp + sc,3,"similar_table, same_page, shared_column_name",0.759493670886076,0.9584086799276673,0.9873417721518988,0.8477333591664512,0.8819833113467946,0.7305605786618445,0.9439421338155516,0.9746835443037974,0.8247701069865583,,,130.7
A38,38,100110,tt + sp + cc,3,"similar_table, same_page, similar_content",0.7649186256781193,0.9566003616636528,0.9783001808318263,0.8475639239201618,0.8792012351818271,0.6962025316455697,0.945750452079566,0.9746835443037974,0.8033207542636678,,,152.3
A39,39,100111,tt + sp + cc + sc,4,"similar_table, same_page, similar_content, shared_column_name",0.7468354430379747,0.9566003616636528,0.9891500904159132,0.8337477864012963,0.8715145831897609,0.6871609403254972,0.9330922242314648,0.9746835443037974,0.7952415705422786,,,128.7
