{
  "experiment": "Query-Aware v2 Edge Ablation (A0-A63)",
  "dataset": "ottqa",
  "edge_types": [
    "similar_table",
    "has_column",
    "comes_from",
    "same_page",
    "similar_content",
    "shared_column_name"
  ],
  "edge_abbreviations": [
    "tt",
    "tc",
    "tp",
    "sp",
    "cc",
    "sc"
  ],
  "timestamp": "2026-06-04T11:13:33.552637",
  "twig_hps": {
    "LEARNING_RATE": 0.0005543418807199451,
    "HIDDEN_CHANNELS": 768,
    "DROPOUT": 0.10028905529000982,
    "WEIGHT_DECAY": 0.03217253330215496,
    "SAGE_AGGR": "min",
    "HETERO_AGGR": "max",
    "CLIP_GRAD_NORM": 0.6,
    "TEMP_START": 0.05,
    "TEMP_END": 0.03,
    "SMOOTH_START": 0.12,
    "SMOOTH_END": 0.06,
    "NUM_EPOCHS": 30,
    "WARMUP_EPOCHS": 2,
    "BATCH_SIZE": 128,
    "CHUNK_SIZE": 1024
  },
  "qa_hps": {
    "QUERY_EDGE_MODE": "E4",
    "BASE_LR": 0.0001,
    "QUERY_LR": 0.0005,
    "NUM_EPOCHS": 15,
    "SUBGRAPH_K": 30
  },
  "results": [
    {
      "config": "A36",
      "code": 36,
      "binary": "100100",
      "label": "tt + sp",
      "num_edges": 2,
      "kept_edges": "similar_table, same_page",
      "elapsed_min": 115.7,
      "eval_count": 553,
      "QA_R@1": 0.7739602169981917,
      "QA_R@2": 0.9005424954792043,
      "QA_R@5": 0.9547920433996383,
      "QA_R@10": 0.9837251356238698,
      "QA_R@50": 0.9981916817359855,
      "QA_MRR": 0.8580263729324998,
      "QA_nDCG@10": 0.888850810490923,
      "TWIG_R@1": 0.7070524412296564,
      "TWIG_R@2": 0.8227848101265823,
      "TWIG_R@5": 0.9403254972875226,
      "TWIG_R@10": 0.972875226039783,
      "TWIG_R@50": 0.9981916817359855,
      "TWIG_MRR": 0.8047408587927928,
      "test_eval_count": 554,
      "test_QA_R@1": 0.7888086642599278,
      "test_QA_R@2": 0.8935018050541517,
      "test_QA_R@5": 0.9458483754512635,
      "test_QA_R@10": 0.9783393501805054,
      "test_QA_R@50": 0.9963898916967509,
      "test_QA_MRR": 0.8621513326218508,
      "test_QA_nDCG@10": 0.8899447737238697,
      "test_TWIG_R@1": 0.7256317689530686,
      "test_TWIG_R@2": 0.8357400722021661,
      "test_TWIG_R@5": 0.9205776173285198,
      "test_TWIG_R@10": 0.9620938628158845,
      "test_TWIG_R@50": 0.9963898916967509,
      "test_TWIG_MRR": 0.8133181856432403
    },
    {
      "config": "A37",
      "code": 37,
      "binary": "100101",
      "label": "tt + sp + sc",
      "num_edges": 3,
      "kept_edges": "similar_table, same_page, shared_column_name",
      "elapsed_min": 130.7,
      "eval_count": 553,
      "QA_R@1": 0.759493670886076,
      "QA_R@2": 0.8806509945750453,
      "QA_R@5": 0.9584086799276673,
      "QA_R@10": 0.9873417721518988,
      "QA_R@50": 0.9963833634719711,
      "QA_MRR": 0.8477333591664512,
      "QA_nDCG@10": 0.8819833113467946,
      "TWIG_R@1": 0.7305605786618445,
      "TWIG_R@2": 0.8607594936708861,
      "TWIG_R@5": 0.9439421338155516,
      "TWIG_R@10": 0.9746835443037974,
      "TWIG_R@50": 0.9909584086799277,
      "TWIG_MRR": 0.8247701069865583,
      "test_eval_count": 554,
      "test_QA_R@1": 0.7815884476534296,
      "test_QA_R@2": 0.8754512635379061,
      "test_QA_R@5": 0.9422382671480144,
      "test_QA_R@10": 0.9693140794223827,
      "test_QA_R@50": 0.9981949458483754,
      "test_QA_MRR": 0.8516133869473215,
      "test_QA_nDCG@10": 0.8792637861468996,
      "test_TWIG_R@1": 0.7472924187725631,
      "test_TWIG_R@2": 0.8393501805054152,
      "test_TWIG_R@5": 0.9205776173285198,
      "test_TWIG_R@10": 0.9530685920577617,
      "test_TWIG_R@50": 0.9945848375451264,
      "test_TWIG_MRR": 0.8244708765261715
    },
    {
      "config": "A38",
      "code": 38,
      "binary": "100110",
      "label": "tt + sp + cc",
      "num_edges": 3,
      "kept_edges": "similar_table, same_page, similar_content",
      "elapsed_min": 152.3,
      "eval_count": 553,
      "QA_R@1": 0.7649186256781193,
      "QA_R@2": 0.8716094032549728,
      "QA_R@5": 0.9566003616636528,
      "QA_R@10": 0.9783001808318263,
      "QA_R@50": 0.9963833634719711,
      "QA_MRR": 0.8475639239201618,
      "QA_nDCG@10": 0.8792012351818271,
      "TWIG_R@1": 0.6962025316455697,
      "TWIG_R@2": 0.8390596745027125,
      "TWIG_R@5": 0.945750452079566,
      "TWIG_R@10": 0.9746835443037974,
      "TWIG_R@50": 0.9945750452079566,
      "TWIG_MRR": 0.8033207542636678,
      "test_eval_count": 554,
      "test_QA_R@1": 0.796028880866426,
      "test_QA_R@2": 0.8935018050541517,
      "test_QA_R@5": 0.9530685920577617,
      "test_QA_R@10": 0.9729241877256317,
      "test_QA_R@50": 0.9945848375451264,
      "test_QA_MRR": 0.8646020412501533,
      "test_QA_nDCG@10": 0.8904894980654868,
      "test_TWIG_R@1": 0.7310469314079422,
      "test_TWIG_R@2": 0.8483754512635379,
      "test_TWIG_R@5": 0.9368231046931408,
      "test_TWIG_R@10": 0.9729241877256317,
      "test_TWIG_R@50": 0.9963898916967509,
      "test_TWIG_MRR": 0.8200935790700763
    },
    {
      "config": "A39",
      "code": 39,
      "binary": "100111",
      "label": "tt + sp + cc + sc",
      "num_edges": 4,
      "kept_edges": "similar_table, same_page, similar_content, shared_column_name",
      "elapsed_min": 128.7,
      "eval_count": 553,
      "QA_R@1": 0.7468354430379747,
      "QA_R@2": 0.8499095840867993,
      "QA_R@5": 0.9566003616636528,
      "QA_R@10": 0.9891500904159132,
      "QA_R@50": 0.9981916817359855,
      "QA_MRR": 0.8337477864012963,
      "QA_nDCG@10": 0.8715145831897609,
      "TWIG_R@1": 0.6871609403254972,
      "TWIG_R@2": 0.8318264014466547,
      "TWIG_R@5": 0.9330922242314648,
      "TWIG_R@10": 0.9746835443037974,
      "TWIG_R@50": 0.9963833634719711,
      "TWIG_MRR": 0.7952415705422786,
      "test_eval_count": 554,
      "test_QA_R@1": 0.779783393501805,
      "test_QA_R@2": 0.8700361010830325,
      "test_QA_R@5": 0.9296028880866426,
      "test_QA_R@10": 0.9602888086642599,
      "test_QA_R@50": 0.9981949458483754,
      "test_QA_MRR": 0.847013587284343,
      "test_QA_nDCG@10": 0.8732389022350394,
      "test_TWIG_R@1": 0.703971119133574,
      "test_TWIG_R@2": 0.8285198555956679,
      "test_TWIG_R@5": 0.927797833935018,
      "test_TWIG_R@10": 0.9620938628158845,
      "test_TWIG_R@50": 0.9945848375451264,
      "test_TWIG_MRR": 0.8004445718946221
    }
  ]
}