{
  "dataset": "mimo_en",
  "corpus": "full (train+dev+test)",
  "n_tables": 291,
  "eval_count": 63,
  "best_edges": [
    "has_column",
    "comes_from",
    "same_page",
    "similar_content",
    "shared_column_name"
  ],
  "TWIG_R@1": 0.24603174603174602,
  "TWIG_R@2": 0.3253968253968254,
  "TWIG_R@5": 0.42063492063492064,
  "TWIG_R@10": 0.5158730158730159,
  "TWIG_R@50": 0.7240740740740742,
  "TWIG_MRR": 0.35986215550360884,
  "QA_R@1": 0.2751322751322752,
  "QA_R@2": 0.3814814814814815,
  "QA_R@5": 0.5058201058201058,
  "QA_R@10": 0.5970899470899472,
  "QA_R@50": 0.7547619047619047,
  "QA_MRR": 0.44761478890551565,
  "QA_nDCG@10": 0.44700565630678457
}