{
  "experiment": "Query-Aware v2 Edge Ablation (A0-A63)",
  "dataset": "feta",
  "edge_types": [
    "similar_table",
    "has_column",
    "comes_from",
    "same_page",
    "similar_content",
    "shared_column_name"
  ],
  "edge_abbreviations": [
    "tt",
    "tc",
    "tp",
    "sp",
    "cc",
    "sc"
  ],
  "timestamp": "2026-06-03T22:27:06.135916",
  "twig_hps": {
    "LEARNING_RATE": 0.0005543418807199451,
    "HIDDEN_CHANNELS": 768,
    "DROPOUT": 0.10028905529000982,
    "WEIGHT_DECAY": 0.03217253330215496,
    "SAGE_AGGR": "min",
    "HETERO_AGGR": "max",
    "CLIP_GRAD_NORM": 0.6,
    "TEMP_START": 0.05,
    "TEMP_END": 0.03,
    "SMOOTH_START": 0.12,
    "SMOOTH_END": 0.06,
    "NUM_EPOCHS": 30,
    "WARMUP_EPOCHS": 2,
    "BATCH_SIZE": 128,
    "CHUNK_SIZE": 1024
  },
  "qa_hps": {
    "QUERY_EDGE_MODE": "E4",
    "BASE_LR": 0.0001,
    "QUERY_LR": 0.0005,
    "NUM_EPOCHS": 15,
    "SUBGRAPH_K": 30
  },
  "results": [
    {
      "config": "A54",
      "code": 54,
      "binary": "110110",
      "label": "tt + tc + sp + cc",
      "num_edges": 4,
      "kept_edges": "similar_table, has_column, same_page, similar_content",
      "elapsed_min": 22.4,
      "eval_count": 500,
      "QA_R@1": 0.878,
      "QA_R@2": 0.91,
      "QA_R@5": 0.946,
      "QA_R@10": 0.964,
      "QA_R@50": 0.994,
      "QA_MRR": 0.9077621328907018,
      "QA_nDCG@10": 0.9200408106272449,
      "TWIG_R@1": 0.866,
      "TWIG_R@2": 0.9,
      "TWIG_R@5": 0.944,
      "TWIG_R@10": 0.966,
      "TWIG_R@50": 0.994,
      "TWIG_MRR": 0.8993276723155617,
      "test_eval_count": 501,
      "test_QA_R@1": 0.874251497005988,
      "test_QA_R@2": 0.9201596806387226,
      "test_QA_R@5": 0.9580838323353293,
      "test_QA_R@10": 0.9840319361277445,
      "test_QA_R@50": 1.0,
      "test_QA_MRR": 0.9118348005235992,
      "test_QA_nDCG@10": 0.9285774098160908,
      "test_TWIG_R@1": 0.8682634730538922,
      "test_TWIG_R@2": 0.9121756487025948,
      "test_TWIG_R@5": 0.9540918163672655,
      "test_TWIG_R@10": 0.9780439121756487,
      "test_TWIG_R@50": 1.0,
      "test_TWIG_MRR": 0.9058689295128182
    },
    {
      "config": "A55",
      "code": 55,
      "binary": "110111",
      "label": "tt + tc + sp + cc + sc",
      "num_edges": 5,
      "kept_edges": "similar_table, has_column, same_page, similar_content, shared_column_name",
      "elapsed_min": 14.5,
      "eval_count": 500,
      "QA_R@1": 0.864,
      "QA_R@2": 0.916,
      "QA_R@5": 0.944,
      "QA_R@10": 0.966,
      "QA_R@50": 0.994,
      "QA_MRR": 0.9015243588769901,
      "QA_nDCG@10": 0.9160991629710576,
      "TWIG_R@1": 0.852,
      "TWIG_R@2": 0.912,
      "TWIG_R@5": 0.946,
      "TWIG_R@10": 0.968,
      "TWIG_R@50": 0.99,
      "TWIG_MRR": 0.8953461188308309,
      "test_eval_count": 501,
      "test_QA_R@1": 0.8782435129740519,
      "test_QA_R@2": 0.9341317365269461,
      "test_QA_R@5": 0.9600798403193613,
      "test_QA_R@10": 0.9720558882235529,
      "test_QA_R@50": 0.9960079840319361,
      "test_QA_MRR": 0.9162498300279661,
      "test_QA_nDCG@10": 0.9287321674963512,
      "test_TWIG_R@1": 0.872255489021956,
      "test_TWIG_R@2": 0.9101796407185628,
      "test_TWIG_R@5": 0.9520958083832335,
      "test_TWIG_R@10": 0.9700598802395209,
      "test_TWIG_R@50": 0.998003992015968,
      "test_TWIG_MRR": 0.9071687922845197
    },
    {
      "config": "A56",
      "code": 56,
      "binary": "111000",
      "label": "tt + tc + tp",
      "num_edges": 3,
      "kept_edges": "similar_table, has_column, comes_from",
      "elapsed_min": 13.8,
      "eval_count": 500,
      "QA_R@1": 0.862,
      "QA_R@2": 0.898,
      "QA_R@5": 0.928,
      "QA_R@10": 0.954,
      "QA_R@50": 0.982,
      "QA_MRR": 0.893558986020366,
      "QA_nDCG@10": 0.9068804396575536,
      "TWIG_R@1": 0.882,
      "TWIG_R@2": 0.914,
      "TWIG_R@5": 0.942,
      "TWIG_R@10": 0.962,
      "TWIG_R@50": 0.984,
      "TWIG_MRR": 0.9092710614768374,
      "test_eval_count": 501,
      "test_QA_R@1": 0.8882235528942116,
      "test_QA_R@2": 0.9221556886227545,
      "test_QA_R@5": 0.9520958083832335,
      "test_QA_R@10": 0.9620758483033932,
      "test_QA_R@50": 0.9900199600798403,
      "test_QA_MRR": 0.9165178398698123,
      "test_QA_nDCG@10": 0.9266883598573544,
      "test_TWIG_R@1": 0.8942115768463074,
      "test_TWIG_R@2": 0.9301397205588823,
      "test_TWIG_R@5": 0.9620758483033932,
      "test_TWIG_R@10": 0.9720558882235529,
      "test_TWIG_R@50": 0.9940119760479041,
      "test_TWIG_MRR": 0.9228960998448341
    },
    {
      "config": "A57",
      "code": 57,
      "binary": "111001",
      "label": "tt + tc + tp + sc",
      "num_edges": 4,
      "kept_edges": "similar_table, has_column, comes_from, shared_column_name",
      "elapsed_min": 14.6,
      "eval_count": 500,
      "QA_R@1": 0.876,
      "QA_R@2": 0.926,
      "QA_R@5": 0.958,
      "QA_R@10": 0.974,
      "QA_R@50": 0.996,
      "QA_MRR": 0.9129806015413157,
      "QA_nDCG@10": 0.9272014790697353,
      "TWIG_R@1": 0.882,
      "TWIG_R@2": 0.904,
      "TWIG_R@5": 0.948,
      "TWIG_R@10": 0.972,
      "TWIG_R@50": 0.994,
      "TWIG_MRR": 0.9107614171700356,
      "test_eval_count": 501,
      "test_QA_R@1": 0.9021956087824351,
      "test_QA_R@2": 0.9341317365269461,
      "test_QA_R@5": 0.9620758483033932,
      "test_QA_R@10": 0.9760479041916168,
      "test_QA_R@50": 0.9960079840319361,
      "test_QA_MRR": 0.9290252616141106,
      "test_QA_nDCG@10": 0.9396406379323471,
      "test_TWIG_R@1": 0.8962075848303394,
      "test_TWIG_R@2": 0.9341317365269461,
      "test_TWIG_R@5": 0.9640718562874252,
      "test_TWIG_R@10": 0.9760479041916168,
      "test_TWIG_R@50": 0.9940119760479041,
      "test_TWIG_MRR": 0.926833925135641
    },
    {
      "config": "A58",
      "code": 58,
      "binary": "111010",
      "label": "tt + tc + tp + cc",
      "num_edges": 4,
      "kept_edges": "similar_table, has_column, comes_from, similar_content",
      "elapsed_min": 23.7,
      "eval_count": 500,
      "QA_R@1": 0.88,
      "QA_R@2": 0.914,
      "QA_R@5": 0.944,
      "QA_R@10": 0.964,
      "QA_R@50": 0.99,
      "QA_MRR": 0.9094717164963043,
      "QA_nDCG@10": 0.921797041184435,
      "TWIG_R@1": 0.882,
      "TWIG_R@2": 0.916,
      "TWIG_R@5": 0.952,
      "TWIG_R@10": 0.972,
      "TWIG_R@50": 0.992,
      "TWIG_MRR": 0.9128021898149181,
      "test_eval_count": 501,
      "test_QA_R@1": 0.9041916167664671,
      "test_QA_R@2": 0.9341317365269461,
      "test_QA_R@5": 0.9600798403193613,
      "test_QA_R@10": 0.9720558882235529,
      "test_QA_R@50": 0.9960079840319361,
      "test_QA_MRR": 0.9295402330833475,
      "test_QA_nDCG@10": 0.9388715478091705,
      "test_TWIG_R@1": 0.9001996007984032,
      "test_TWIG_R@2": 0.9321357285429142,
      "test_TWIG_R@5": 0.9560878243512974,
      "test_TWIG_R@10": 0.9760479041916168,
      "test_TWIG_R@50": 0.9960079840319361,
      "test_TWIG_MRR": 0.926599016197674
    },
    {
      "config": "A59",
      "code": 59,
      "binary": "111011",
      "label": "tt + tc + tp + cc + sc",
      "num_edges": 5,
      "kept_edges": "similar_table, has_column, comes_from, similar_content, shared_column_name",
      "elapsed_min": 21.6,
      "eval_count": 500,
      "QA_R@1": 0.898,
      "QA_R@2": 0.928,
      "QA_R@5": 0.956,
      "QA_R@10": 0.968,
      "QA_R@50": 0.99,
      "QA_MRR": 0.9235165401245985,
      "QA_nDCG@10": 0.933658192447245,
      "TWIG_R@1": 0.878,
      "TWIG_R@2": 0.9,
      "TWIG_R@5": 0.926,
      "TWIG_R@10": 0.962,
      "TWIG_R@50": 0.992,
      "TWIG_MRR": 0.9027492817300969,
      "test_eval_count": 501,
      "test_QA_R@1": 0.906187624750499,
      "test_QA_R@2": 0.93812375249501,
      "test_QA_R@5": 0.9640718562874252,
      "test_QA_R@10": 0.9800399201596807,
      "test_QA_R@50": 0.998003992015968,
      "test_QA_MRR": 0.9329827934318953,
      "test_QA_nDCG@10": 0.9436120801443166,
      "test_TWIG_R@1": 0.906187624750499,
      "test_TWIG_R@2": 0.936127744510978,