{
  "dataset": "ottqa",
  "corpus": "full (train+dev+test)",
  "n_tables": 8889,
  "eval_count": 554,
  "best_edges": [
    "similar_table",
    "has_column",
    "same_page",
    "similar_content"
  ],
  "TWIG_R@1": 0.35018050541516244,
  "TWIG_R@2": 0.47833935018050544,
  "TWIG_R@5": 0.6389891696750902,
  "TWIG_R@10": 0.723826714801444,
  "TWIG_R@50": 0.8971119133574007,
  "TWIG_MRR": 0.47939762358098714,
  "QA_R@1": 0.44765342960288806,
  "QA_R@2": 0.5505415162454874,
  "QA_R@5": 0.6841155234657039,
  "QA_R@10": 0.7743682310469314,
  "QA_R@50": 0.924187725631769,
  "QA_MRR": 0.5565619218728355,
  "QA_nDCG@10": 0.6025161543319192
}