{
  "experiment": "Query-Aware v2 Edge Ablation (A0-A63)",
  "dataset": "ottqa",
  "edge_types": [
    "similar_table",
    "has_column",
    "comes_from",
    "same_page",
    "similar_content",
    "shared_column_name"
  ],
  "edge_abbreviations": [
    "tt",
    "tc",
    "tp",
    "sp",
    "cc",
    "sc"
  ],
  "timestamp": "2026-06-04T01:02:28.616138",
  "twig_hps": {
    "LEARNING_RATE": 0.0005543418807199451,
    "HIDDEN_CHANNELS": 768,
    "DROPOUT": 0.10028905529000982,
    "WEIGHT_DECAY": 0.03217253330215496,
    "SAGE_AGGR": "min",
    "HETERO_AGGR": "max",
    "CLIP_GRAD_NORM": 0.6,
    "TEMP_START": 0.05,
    "TEMP_END": 0.03,
    "SMOOTH_START": 0.12,
    "SMOOTH_END": 0.06,
    "NUM_EPOCHS": 30,
    "WARMUP_EPOCHS": 2,
    "BATCH_SIZE": 128,
    "CHUNK_SIZE": 1024
  },
  "qa_hps": {
    "QUERY_EDGE_MODE": "E4",
    "BASE_LR": 0.0001,
    "QUERY_LR": 0.0005,
    "NUM_EPOCHS": 15,
    "SUBGRAPH_K": 30
  },
  "results": [
    {
      "config": "A22",
      "code": 22,
      "binary": "010110",
      "label": "tc + sp + cc",
      "num_edges": 3,
      "kept_edges": "has_column, same_page, similar_content",
      "elapsed_min": 84.5,
      "eval_count": 553,
      "QA_R@1": 0.8264014466546112,
      "QA_R@2": 0.9276672694394213,
      "QA_R@5": 0.976491862567812,
      "QA_R@10": 0.9945750452079566,
      "QA_R@50": 0.9981916817359855,
      "QA_MRR": 0.8940149362391677,
      "QA_nDCG@10": 0.9189065218231358,
      "TWIG_R@1": 0.8119349005424955,
      "TWIG_R@2": 0.9059674502712477,
      "TWIG_R@5": 0.9674502712477396,
      "TWIG_R@10": 0.9909584086799277,
      "TWIG_R@50": 0.9981916817359855,
      "TWIG_MRR": 0.880321536931933,
      "test_eval_count": 554,
      "test_QA_R@1": 0.868231046931408,
      "test_QA_R@2": 0.9332129963898917,
      "test_QA_R@5": 0.9711191335740073,
      "test_QA_R@10": 0.9819494584837545,
      "test_QA_R@50": 1.0,
      "test_QA_MRR": 0.9143241261342948,
      "test_QA_nDCG@10": 0.930440947411261,
      "test_TWIG_R@1": 0.8321299638989169,
      "test_TWIG_R@2": 0.9187725631768953,
      "test_TWIG_R@5": 0.9711191335740073,
      "test_TWIG_R@10": 0.9873646209386282,
      "test_TWIG_R@50": 1.0,
      "test_TWIG_MRR": 0.8931158569635278
    }
  ]
}