config,code,binary,label,num_edges,kept_edges,QA_R@1,QA_R@5,QA_R@10,QA_MRR,QA_nDCG@10,TWIG_R@1,TWIG_R@5,TWIG_R@10,TWIG_MRR,twig_best_epoch,qa_best_epoch,elapsed_min
A22,22,010110,tc + sp + cc,3,"has_column, same_page, similar_content",0.8264014466546112,0.976491862567812,0.9945750452079566,0.8940149362391677,0.9189065218231358,0.8119349005424955,0.9674502712477396,0.9909584086799277,0.880321536931933,,,84.5
