{
  "experiment": "Query-Aware v2 Edge Ablation (A0-A63)",
  "dataset": "feta",
  "edge_types": [
    "similar_table",
    "has_column",
    "comes_from",
    "same_page",
    "similar_content",
    "shared_column_name"
  ],
  "edge_abbreviations": [
    "tt",
    "tc",
    "tp",
    "sp",
    "cc",
    "sc"
  ],
  "timestamp": "2026-06-03T23:37:57.466210",
  "twig_hps": {
    "LEARNING_RATE": 0.0005543418807199451,
    "HIDDEN_CHANNELS": 768,
    "DROPOUT": 0.10028905529000982,
    "WEIGHT_DECAY": 0.03217253330215496,
    "SAGE_AGGR": "min",
    "HETERO_AGGR": "max",
    "CLIP_GRAD_NORM": 0.6,
    "TEMP_START": 0.05,
    "TEMP_END": 0.03,
    "SMOOTH_START": 0.12,
    "SMOOTH_END": 0.06,
    "NUM_EPOCHS": 30,
    "WARMUP_EPOCHS": 2,
    "BATCH_SIZE": 128,
    "CHUNK_SIZE": 1024
  },
  "qa_hps": {
    "QUERY_EDGE_MODE": "E4",
    "BASE_LR": 0.0001,
    "QUERY_LR": 0.0005,
    "NUM_EPOCHS": 15,
    "SUBGRAPH_K": 30
  },
  "results": [
    {
      "config": "A22",
      "code": 22,
      "binary": "010110",
      "label": "tc + sp + cc",
      "num_edges": 3,
      "kept_edges": "has_column, same_page, similar_content",
      "elapsed_min": 17.8,
      "eval_count": 500,
      "QA_R@1": 0.88,
      "QA_R@2": 0.924,
      "QA_R@5": 0.95,
      "QA_R@10": 0.966,
      "QA_R@50": 0.994,
      "QA_MRR": 0.9128690884054227,
      "QA_nDCG@10": 0.9248221643505402,
      "TWIG_R@1": 0.89,
      "TWIG_R@2": 0.922,
      "TWIG_R@5": 0.954,
      "TWIG_R@10": 0.968,
      "TWIG_R@50": 0.994,
      "TWIG_MRR": 0.9174125878095916,
      "test_eval_count": 501,
      "test_QA_R@1": 0.8822355289421158,
      "test_QA_R@2": 0.9241516966067864,
      "test_QA_R@5": 0.9560878243512974,
      "test_QA_R@10": 0.9760479041916168,
      "test_QA_R@50": 0.998003992015968,
      "test_QA_MRR": 0.915528109810744,
      "test_QA_nDCG@10": 0.9294087376457822,
      "test_TWIG_R@1": 0.9041916167664671,
      "test_TWIG_R@2": 0.9401197604790419,
      "test_TWIG_R@5": 0.9680638722554891,
      "test_TWIG_R@10": 0.9800399201596807,
      "test_TWIG_R@50": 0.9960079840319361,
      "test_TWIG_MRR": 0.9323526532608368
    },
    {
      "config": "A23",
      "code": 23,
      "binary": "010111",
      "label": "tc + sp + cc + sc",
      "num_edges": 4,
      "kept_edges": "has_column, same_page, similar_content, shared_column_name",
      "elapsed_min": 24.2,
      "eval_count": 500,
      "QA_R@1": 0.876,
      "QA_R@2": 0.908,
      "QA_R@5": 0.942,
      "QA_R@10": 0.964,
      "QA_R@50": 0.996,
      "QA_MRR": 0.9067717796092795,
      "QA_nDCG@10": 0.9190743085431222,
      "TWIG_R@1": 0.848,
      "TWIG_R@2": 0.906,
      "TWIG_R@5": 0.944,
      "TWIG_R@10": 0.97,
      "TWIG_R@50": 0.996,
      "TWIG_MRR": 0.8920334854555928,
      "test_eval_count": 501,
      "test_QA_R@1": 0.8842315369261478,
      "test_QA_R@2": 0.9241516966067864,
      "test_QA_R@5": 0.9560878243512974,
      "test_QA_R@10": 0.9780439121756487,
      "test_QA_R@50": 0.9920159680638723,
      "test_QA_MRR": 0.9176982116353376,
      "test_QA_nDCG@10": 0.9317261455207945,
      "test_TWIG_R@1": 0.874251497005988,
      "test_TWIG_R@2": 0.9221556886227545,
      "test_TWIG_R@5": 0.9560878243512974,
      "test_TWIG_R@10": 0.9800399201596807,
      "test_TWIG_R@50": 0.9960079840319361,
      "test_TWIG_MRR": 0.9111689303459997
    },
    {
      "config": "A24",
      "code": 24,
      "binary": "011000",
      "label": "tc + tp",
      "num_edges": 2,
      "kept_edges": "has_column, comes_from",
      "elapsed_min": 16.7,
      "eval_count": 500,
      "QA_R@1": 0.876,
      "QA_R@2": 0.898,
      "QA_R@5": 0.932,
      "QA_R@10": 0.954,
      "QA_R@50": 0.986,
      "QA_MRR": 0.9018166642567957,
      "QA_nDCG@10": 0.9134370270131488,
      "TWIG_R@1": 0.894,
      "TWIG_R@2": 0.92,
      "TWIG_R@5": 0.944,
      "TWIG_R@10": 0.97,
      "TWIG_R@50": 0.986,
      "TWIG_MRR": 0.9174835802209687,
      "test_eval_count": 501,
      "test_QA_R@1": 0.8822355289421158,
      "test_QA_R@2": 0.9181636726546906,
      "test_QA_R@5": 0.9520958083832335,
      "test_QA_R@10": 0.9680638722554891,
      "test_QA_R@50": 0.9900199600798403,
      "test_QA_MRR": 0.9125632791964194,
      "test_QA_nDCG@10": 0.9250456370369015,
      "test_TWIG_R@1": 0.9041916167664671,
      "test_TWIG_R@2": 0.9301397205588823,
      "test_TWIG_R@5": 0.9580838323353293,
      "test_TWIG_R@10": 0.9780439121756487,
      "test_TWIG_R@50": 0.9900199600798403,
      "test_TWIG_MRR": 0.9281870602229884
    },
    {
      "config": "A25",
      "code": 25,
      "binary": "011001",
      "label": "tc + tp + sc",
      "num_edges": 3,
      "kept_edges": "has_column, comes_from, shared_column_name",
      "elapsed_min": 24.5,
      "eval_count": 500,
      "QA_R@1": 0.89,
      "QA_R@2": 0.92,
      "QA_R@5": 0.94,
      "QA_R@10": 0.976,
      "QA_R@50": 0.992,
      "QA_MRR": 0.9160443295408767,
      "QA_nDCG@10": 0.9293735818333314,
      "TWIG_R@1": 0.898,
      "TWIG_R@2": 0.92,
      "TWIG_R@5": 0.954,
      "TWIG_R@10": 0.97,
      "TWIG_R@50": 0.994,
      "TWIG_MRR": 0.9216995354920275,
      "test_eval_count": 501,
      "test_QA_R@1": 0.9001996007984032,
      "test_QA_R@2": 0.936127744510978,
      "test_QA_R@5": 0.9720558882235529,
      "test_QA_R@10": 0.9840319361277445,
      "test_QA_R@50": 0.998003992015968,
      "test_QA_MRR": 0.9301762505169644,
      "test_QA_nDCG@10": 0.942704943646186,
      "test_TWIG_R@1": 0.9021956087824351,
      "test_TWIG_R@2": 0.936127744510978,
      "test_TWIG_R@5": 0.9580838323353293,
      "test_TWIG_R@10": 0.9780439121756487,
      "test_TWIG_R@50": 0.9940119760479041,
      "test_TWIG_MRR": 0.928770942290343
    },
    {
      "config": "A26",
      "code": 26,
      "binary": "011010",
      "label": "tc + tp + cc",
      "num_edges": 3,
      "kept_edges": "has_column, comes_from, similar_content",
      "elapsed_min": 14.5,
      "eval_count": 500,
      "QA_R@1": 0.888,
      "QA_R@2": 0.928,
      "QA_R@5": 0.956,
      "QA_R@10": 0.962,
      "QA_R@50": 0.996,
      "QA_MRR": 0.9172916911522451,
      "QA_nDCG@10": 0.9272602296189216,
      "TWIG_R@1": 0.906,
      "TWIG_R@2": 0.938,
      "TWIG_R@5": 0.952,
      "TWIG_R@10": 0.966,
      "TWIG_R@50": 0.994,
      "TWIG_MRR": 0.9290511758410305,
      "test_eval_count": 501,
      "test_QA_R@1": 0.908183632734531,
      "test_QA_R@2": 0.9321357285429142,
      "test_QA_R@5": 0.9640718562874252,
      "test_QA_R@10": 0.9740518962075848,
      "test_QA_R@50": 0.9960079840319361,
      "test_QA_MRR": 0.9314723307446934,
      "test_QA_nDCG@10": 0.9407192688158845,
      "test_TWIG_R@1": 0.9121756487025948,
      "test_TWIG_R@2": 0.936127744510978,
      "test_TWIG_R@5": 0.9660678642714571,
      "test_TWIG_R@10": 0.9900199600798403,
      "test_TWIG_R@50": 0.998003992015968,
      "test_TWIG_MRR": 0.9358894044522789
    },
    {
      "config": "A27",
      "code": 27,
      "binary": "011011",
      "label": "tc + tp + cc + sc",
      "num_edges": 4,
      "kept_edges": "has_column, comes_from, similar_content, shared_column_name",
      "elapsed_min": 18.6,
      "eval_count": 500,
      "QA_R@1": 0.892,
      "QA_R@2": 0.922,
      "QA_R@5": 0.954,
      "QA_R@10": 0.964,
      "QA_R@50": 0.988,
      "QA_MRR": 0.9180786993982237,
      "QA_nDCG@10": 0.9282389711214801,
      "TWIG_R@1": 0.896,
      "TWIG_R@2": 0.914,
      "TWIG_R@5": 0.94,
      "TWIG_R@10": 0.97,
      "TWIG_R@50": 0.994,
      "TWIG_MRR": 0.9176123322256645,
      "test_eval_count": 501,
      "test_QA_R@1": 0.9021956087824351,
      "test_QA_R@2": 0.9321357285429142,
      "test_QA_R@5": 0.9620758483033932,
      "test_QA_R@10": 0.9820359281437125,
      "test_QA_R@50": 0.9960079840319361,
      "test_QA_MRR": 0.9292817793275991,
      "test_QA_nDCG@10": 0.9413491161624398,
      "test_TWIG_R@1": 0.9001996007984032,
      "test_TWIG_R@2": 0.93812375249501,
      "test_TWIG_R@5": 0.9700598802395209,
      "test_TWIG_R@10": 0.9780439121756487,