config,code,binary,label,num_edges,kept_edges,QA_R@1,QA_R@5,QA_R@10,QA_MRR,QA_nDCG@10,TWIG_R@1,TWIG_R@5,TWIG_R@10,TWIG_MRR,twig_best_epoch,qa_best_epoch,elapsed_min
A23,23,010111,tc + sp + cc + sc,4,"has_column, same_page, similar_content, shared_column_name",0.840867992766727,0.976491862567812,0.9927667269439421,0.9002594568066324,0.9230433488152677,0.7920433996383364,0.9602169981916817,0.9909584086799277,0.8647168333782398,,,178.8
A24,24,011000,tc + tp,2,"has_column, comes_from",0.8716094032549728,0.969258589511754,0.9891500904159132,0.9162013769834745,0.9336794965532591,0.8553345388788427,0.976491862567812,0.9927667269439421,0.9091713381230452,,,172.1
A25,25,011001,tc + tp + sc,3,"has_column, comes_from, shared_column_name",0.8589511754068716,0.9801084990958409,0.9909584086799277,0.9137014432222387,0.932728618385359,0.833634719710669,0.969258589511754,0.9855334538878843,0.8960265998476756,,,113.6
A26,26,011010,tc + tp + cc,3,"has_column, comes_from, similar_content",0.864376130198915,0.9837251356238698,0.9909584086799277,0.9160886998962733,0.9346667292397143,0.8462929475587704,0.9783001808318263,0.9873417721518988,0.9041500496494005,,,164.4
