{
  "experiment": "Query-Aware v2 Edge Ablation (A0-A63)",
  "dataset": "ottqa",
  "edge_types": [
    "similar_table",
    "has_column",
    "comes_from",
    "same_page",
    "similar_content",
    "shared_column_name"
  ],
  "edge_abbreviations": [
    "tt",
    "tc",
    "tp",
    "sp",
    "cc",
    "sc"
  ],
  "timestamp": "2026-06-04T12:55:07.780632",
  "twig_hps": {
    "LEARNING_RATE": 0.0005543418807199451,
    "HIDDEN_CHANNELS": 768,
    "DROPOUT": 0.10028905529000982,
    "WEIGHT_DECAY": 0.03217253330215496,
    "SAGE_AGGR": "min",
    "HETERO_AGGR": "max",
    "CLIP_GRAD_NORM": 0.6,
    "TEMP_START": 0.05,
    "TEMP_END": 0.03,
    "SMOOTH_START": 0.12,
    "SMOOTH_END": 0.06,
    "NUM_EPOCHS": 30,
    "WARMUP_EPOCHS": 2,
    "BATCH_SIZE": 128,
    "CHUNK_SIZE": 1024
  },
  "qa_hps": {
    "QUERY_EDGE_MODE": "E4",
    "BASE_LR": 0.0001,
    "QUERY_LR": 0.0005,
    "NUM_EPOCHS": 15,
    "SUBGRAPH_K": 30
  },
  "results": [
    {
      "config": "A23",
      "code": 23,
      "binary": "010111",
      "label": "tc + sp + cc + sc",
      "num_edges": 4,
      "kept_edges": "has_column, same_page, similar_content, shared_column_name",
      "elapsed_min": 178.8,
      "eval_count": 553,
      "QA_R@1": 0.840867992766727,
      "QA_R@2": 0.9240506329113924,
      "QA_R@5": 0.976491862567812,
      "QA_R@10": 0.9927667269439421,
      "QA_R@50": 0.9981916817359855,
      "QA_MRR": 0.9002594568066324,
      "QA_nDCG@10": 0.9230433488152677,
      "TWIG_R@1": 0.7920433996383364,
      "TWIG_R@2": 0.8806509945750453,
      "TWIG_R@5": 0.9602169981916817,
      "TWIG_R@10": 0.9909584086799277,
      "TWIG_R@50": 0.9981916817359855,
      "TWIG_MRR": 0.8647168333782398,
      "test_eval_count": 554,
      "test_QA_R@1": 0.851985559566787,
      "test_QA_R@2": 0.9187725631768953,
      "test_QA_R@5": 0.9747292418772563,
      "test_QA_R@10": 0.9909747292418772,
      "test_QA_R@50": 1.0,
      "test_QA_MRR": 0.9047388455488563,
      "test_QA_nDCG@10": 0.9257774896709168,
      "test_TWIG_R@1": 0.796028880866426,
      "test_TWIG_R@2": 0.8935018050541517,
      "test_TWIG_R@5": 0.9657039711191335,
      "test_TWIG_R@10": 0.98014440433213,
      "test_TWIG_R@50": 1.0,
      "test_TWIG_MRR": 0.8685385153143557
    },
    {
      "config": "A24",
      "code": 24,
      "binary": "011000",
      "label": "tc + tp",
      "num_edges": 2,
      "kept_edges": "has_column, comes_from",
      "elapsed_min": 172.1,
      "eval_count": 553,
      "QA_R@1": 0.8716094032549728,
      "QA_R@2": 0.9330922242314648,
      "QA_R@5": 0.969258589511754,
      "QA_R@10": 0.9891500904159132,
      "QA_R@50": 0.9963833634719711,
      "QA_MRR": 0.9162013769834745,
      "QA_nDCG@10": 0.9336794965532591,
      "TWIG_R@1": 0.8553345388788427,
      "TWIG_R@2": 0.9258589511754068,
      "TWIG_R@5": 0.976491862567812,
      "TWIG_R@10": 0.9927667269439421,
      "TWIG_R@50": 1.0,
      "TWIG_MRR": 0.9091713381230452,
      "test_eval_count": 554,
      "test_QA_R@1": 0.8772563176895307,
      "test_QA_R@2": 0.9422382671480144,
      "test_QA_R@5": 0.9747292418772563,
      "test_QA_R@10": 0.9819494584837545,
      "test_QA_R@50": 0.9981949458483754,
      "test_QA_MRR": 0.9209474968826741,
      "test_QA_nDCG@10": 0.9356081818007079,
      "test_TWIG_R@1": 0.8574007220216606,
      "test_TWIG_R@2": 0.927797833935018,
      "test_TWIG_R@5": 0.9657039711191335,
      "test_TWIG_R@10": 0.9855595667870036,
      "test_TWIG_R@50": 1.0,
      "test_TWIG_MRR": 0.9069917847896188
    },
    {
      "config": "A25",
      "code": 25,
      "binary": "011001",
      "label": "tc + tp + sc",
      "num_edges": 3,
      "kept_edges": "has_column, comes_from, shared_column_name",
      "elapsed_min": 113.6,
      "eval_count": 553,
      "QA_R@1": 0.8589511754068716,
      "QA_R@2": 0.9421338155515371,
      "QA_R@5": 0.9801084990958409,
      "QA_R@10": 0.9909584086799277,
      "QA_R@50": 0.9981916817359855,
      "QA_MRR": 0.9137014432222387,
      "QA_nDCG@10": 0.932728618385359,
      "TWIG_R@1": 0.833634719710669,
      "TWIG_R@2": 0.9258589511754068,
      "TWIG_R@5": 0.969258589511754,
      "TWIG_R@10": 0.9855334538878843,
      "TWIG_R@50": 1.0,
      "TWIG_MRR": 0.8960265998476756,
      "test_eval_count": 554,
      "test_QA_R@1": 0.8826714801444043,
      "test_QA_R@2": 0.9404332129963899,
      "test_QA_R@5": 0.9711191335740073,
      "test_QA_R@10": 0.9891696750902527,
      "test_QA_R@50": 0.9981949458483754,
      "test_QA_MRR": 0.9232380669285222,
      "test_QA_nDCG@10": 0.9390651826427803,
      "test_TWIG_R@1": 0.8628158844765343,
      "test_TWIG_R@2": 0.9169675090252708,
      "test_TWIG_R@5": 0.9675090252707581,
      "test_TWIG_R@10": 0.9819494584837545,
      "test_TWIG_R@50": 0.9963898916967509,
      "test_TWIG_MRR": 0.9082475252174088
    },
    {
      "config": "A26",
      "code": 26,
      "binary": "011010",
      "label": "tc + tp + cc",
      "num_edges": 3,
      "kept_edges": "has_column, comes_from, similar_content",
      "elapsed_min": 164.4,
      "eval_count": 553,
      "QA_R@1": 0.864376130198915,
      "QA_R@2": 0.9367088607594937,
      "QA_R@5": 0.9837251356238698,
      "QA_R@10": 0.9909584086799277,
      "QA_R@50": 0.9963833634719711,
      "QA_MRR": 0.9160886998962733,
      "QA_nDCG@10": 0.9346667292397143,
      "TWIG_R@1": 0.8462929475587704,
      "TWIG_R@2": 0.9294755877034359,
      "TWIG_R@5": 0.9783001808318263,
      "TWIG_R@10": 0.9873417721518988,
      "TWIG_R@50": 1.0,
      "TWIG_MRR": 0.9041500496494005,
      "test_eval_count": 554,
      "test_QA_R@1": 0.8808664259927798,
      "test_QA_R@2": 0.9350180505415162,
      "test_QA_R@5": 0.9783393501805054,
      "test_QA_R@10": 0.9873646209386282,
      "test_QA_R@50": 1.0,
      "test_QA_MRR": 0.9219996095111543,
      "test_QA_nDCG@10": 0.9376420012803038,
      "test_TWIG_R@1": 0.8483754512635379,
      "test_TWIG_R@2": 0.924187725631769,
      "test_TWIG_R@5": 0.9729241877256317,
      "test_TWIG_R@10": 0.9891696750902527,
      "test_TWIG_R@50": 0.9981949458483754,
      "test_TWIG_MRR": 0.902945787244191
    }
  ]
}