{
  "experiment": "Query-Aware v2 Edge Ablation (A0-A63)",
  "dataset": "mmqa",
  "edge_types": [
    "similar_table",
    "has_column",
    "comes_from",
    "same_page",
    "similar_content",
    "shared_column_name"
  ],
  "edge_abbreviations": [
    "tt",
    "tc",
    "tp",
    "sp",
    "cc",
    "sc"
  ],
  "timestamp": "2026-06-03T19:27:48.724252",
  "twig_hps": {
    "LEARNING_RATE": 0.0005543418807199451,
    "HIDDEN_CHANNELS": 768,
    "DROPOUT": 0.10028905529000982,
    "WEIGHT_DECAY": 0.03217253330215496,
    "SAGE_AGGR": "min",
    "HETERO_AGGR": "max",
    "CLIP_GRAD_NORM": 0.6,
    "TEMP_START": 0.05,
    "TEMP_END": 0.03,
    "SMOOTH_START": 0.12,
    "SMOOTH_END": 0.06,
    "NUM_EPOCHS": 30,
    "WARMUP_EPOCHS": 2,
    "BATCH_SIZE": 128,
    "CHUNK_SIZE": 1024
  },
  "qa_hps": {
    "QUERY_EDGE_MODE": "E4",
    "BASE_LR": 0.0001,
    "QUERY_LR": 0.0005,
    "NUM_EPOCHS": 15,
    "SUBGRAPH_K": 30
  },
  "results": [
    {
      "config": "A54",
      "code": 54,
      "binary": "110110",
      "label": "tt + tc + sp + cc",
      "num_edges": 4,
      "kept_edges": "similar_table, has_column, same_page, similar_content",
      "elapsed_min": 7.1,
      "eval_count": 246,
      "QA_R@1": 0.4079945799457992,
      "QA_R@2": 0.48299457994579925,
      "QA_R@5": 0.6303523035230355,
      "QA_R@10": 0.7375338753387531,
      "QA_R@50": 0.9326558265582657,
      "QA_MRR": 0.910130877102422,
      "QA_nDCG@10": 0.6964661797993892,
      "TWIG_R@1": 0.40392953929539277,
      "TWIG_R@2": 0.527710027100271,
      "TWIG_R@5": 0.6469512195121954,
      "TWIG_R@10": 0.764159891598916,
      "TWIG_R@50": 0.9431571815718155,
      "TWIG_MRR": 0.9061476444297227,
      "test_eval_count": 248,
      "test_QA_R@1": 0.40685483870967737,
      "test_QA_R@2": 0.5127016129032256,
      "test_QA_R@5": 0.6474462365591398,
      "test_QA_R@10": 0.7475806451612901,
      "test_QA_R@50": 0.9294354838709677,
      "test_QA_MRR": 0.9312706583972362,
      "test_QA_nDCG@10": 0.7195457456348118,
      "test_TWIG_R@1": 0.38299731182795693,
      "test_TWIG_R@2": 0.5247983870967741,
      "test_TWIG_R@5": 0.6487903225806452,
      "test_TWIG_R@10": 0.7667338709677418,
      "test_TWIG_R@50": 0.938508064516129,
      "test_TWIG_MRR": 0.9122617302052786
    },
    {
      "config": "A55",
      "code": 55,
      "binary": "110111",
      "label": "tt + tc + sp + cc + sc",
      "num_edges": 5,
      "kept_edges": "similar_table, has_column, same_page, similar_content, shared_column_name",
      "elapsed_min": 5.6,
      "eval_count": 246,
      "QA_R@1": 0.3964769647696475,
      "QA_R@2": 0.5121273712737128,
      "QA_R@5": 0.6914634146341463,
      "QA_R@10": 0.7720867208672085,
      "QA_R@50": 0.9368563685636858,
      "QA_MRR": 0.892761540429491,
      "QA_nDCG@10": 0.722045459147979,
      "TWIG_R@1": 0.3829268292682925,
      "TWIG_R@2": 0.5028455284552845,
      "TWIG_R@5": 0.634891598915989,
      "TWIG_R@10": 0.757520325203252,
      "TWIG_R@50": 0.9235094850948509,
      "TWIG_MRR": 0.8780047788231355,
      "test_eval_count": 248,
      "test_QA_R@1": 0.3903897849462365,
      "test_QA_R@2": 0.5368951612903226,
      "test_QA_R@5": 0.6874327956989247,
      "test_QA_R@10": 0.7805107526881718,
      "test_QA_R@50": 0.9303763440860215,
      "test_QA_MRR": 0.9139689387673259,
      "test_QA_nDCG@10": 0.7390582982468179,
      "test_TWIG_R@1": 0.3877016129032257,
      "test_TWIG_R@2": 0.5096774193548387,
      "test_TWIG_R@5": 0.6524865591397848,
      "test_TWIG_R@10": 0.7516129032258063,
      "test_TWIG_R@50": 0.9389112903225806,
      "test_TWIG_MRR": 0.9043730798771121
    },
    {
      "config": "A56",
      "code": 56,
      "binary": "111000",
      "label": "tt + tc + tp",
      "num_edges": 3,
      "kept_edges": "similar_table, has_column, comes_from",
      "elapsed_min": 4.6,
      "eval_count": 246,
      "QA_R@1": 0.4073170731707314,
      "QA_R@2": 0.5324525745257451,
      "QA_R@5": 0.6815040650406503,
      "QA_R@10": 0.7897018970189702,
      "QA_R@50": 0.9375338753387532,
      "QA_MRR": 0.9142511790377644,
      "QA_nDCG@10": 0.7365504754050851,
      "TWIG_R@1": 0.39512195121951205,
      "TWIG_R@2": 0.5175474254742547,
      "TWIG_R@5": 0.6665989159891598,
      "TWIG_R@10": 0.7751355013550135,
      "TWIG_R@50": 0.9160569105691057,
      "TWIG_MRR": 0.8964930756562379,
      "test_eval_count": 248,
      "test_QA_R@1": 0.39912634408602143,
      "test_QA_R@2": 0.5395833333333333,
      "test_QA_R@5": 0.6864247311827957,
      "test_QA_R@10": 0.7761424731182797,
      "test_QA_R@50": 0.937768817204301,
      "test_QA_MRR": 0.9302232676224612,
      "test_QA_nDCG@10": 0.7405972228224099,
      "test_TWIG_R@1": 0.3910618279569892,
      "test_TWIG_R@2": 0.5254704301075269,
      "test_TWIG_R@5": 0.673319892473118,
      "test_TWIG_R@10": 0.7559811827956987,
      "test_TWIG_R@50": 0.9315188172043011,
      "test_TWIG_MRR": 0.9129420804670629
    },
    {
      "config": "A57",
      "code": 57,
      "binary": "111001",
      "label": "tt + tc + tp + sc",
      "num_edges": 4,
      "kept_edges": "similar_table, has_column, comes_from, shared_column_name",
      "elapsed_min": 4.1,
      "eval_count": 246,
      "QA_R@1": 0.40460704607046044,
      "QA_R@2": 0.522289972899729,
      "QA_R@5": 0.6762195121951217,
      "QA_R@10": 0.7710704607046069,
      "QA_R@50": 0.9275745257452573,
      "QA_MRR": 0.9066945429437557,
      "QA_nDCG@10": 0.7249260209905942,
      "TWIG_R@1": 0.38428184281842814,
      "TWIG_R@2": 0.49451219512195105,
      "TWIG_R@5": 0.6726964769647698,
      "TWIG_R@10": 0.7683604336043361,
      "TWIG_R@50": 0.9160569105691054,
      "TWIG_MRR": 0.87419145686957,
      "test_eval_count": 248,
      "test_QA_R@1": 0.3903897849462365,
      "test_QA_R@2": 0.5194220430107527,
      "test_QA_R@5": 0.6739919354838707,
      "test_QA_R@10": 0.7700940860215052,
      "test_QA_R@50": 0.9342069892473117,
      "test_QA_MRR": 0.9157702400645948,
      "test_QA_nDCG@10": 0.7278975934855354,
      "test_TWIG_R@1": 0.37694892473118274,
      "test_TWIG_R@2": 0.5190860215053763,
      "test_TWIG_R@5": 0.6538306451612901,
      "test_TWIG_R@10": 0.7485887096774193,
      "test_TWIG_R@50": 0.9338709677419355,
      "test_TWIG_MRR": 0.8974728079566789
    },
    {
      "config": "A58",
      "code": 58,
      "binary": "111010",
      "label": "tt + tc + tp + cc",
      "num_edges": 4,
      "kept_edges": "similar_table, has_column, comes_from, similar_content",
      "elapsed_min": 4.1,
      "eval_count": 246,
      "QA_R@1": 0.40392953929539277,
      "QA_R@2": 0.5189024390243901,
      "QA_R@5": 0.6584688346883467,
      "QA_R@10": 0.7465447154471544,
      "QA_R@50": 0.9072493224932249,
      "QA_MRR": 0.9108626919602532,
      "QA_nDCG@10": 0.711796779947097,
      "TWIG_R@1": 0.39918699186991846,
      "TWIG_R@2": 0.5249999999999998,
      "TWIG_R@5": 0.6733739837398373,
      "TWIG_R@10": 0.7607723577235772,
      "TWIG_R@50": 0.9008130081300812,
      "TWIG_MRR": 0.90295683313976,
      "test_eval_count": 248,
      "test_QA_R@1": 0.404502688172043,
      "test_QA_R@2": 0.5153897849462366,
      "test_QA_R@5": 0.6652553763440858,
      "test_QA_R@10": 0.7596774193548386,
      "test_QA_R@50": 0.9149193548387096,
      "test_QA_MRR": 0.9311395929339478,
      "test_QA_nDCG@10": 0.7265606214520608,
      "test_TWIG_R@1": 0.3836693548387096,
      "test_TWIG_R@2": 0.5247983870967741,
      "test_TWIG_R@5": 0.670766129032258,
      "test_TWIG_R@10": 0.7739247311827958,
      "test_TWIG_R@50": 0.9121639784946238,
      "test_TWIG_MRR": 0.9105690764208909
    },
    {
      "config": "A59",
      "code": 59,
      "binary": "111011",
      "label": "tt + tc + tp + cc + sc",
      "num_edges": 5,
      "kept_edges": "similar_table, has_column, comes_from, similar_content, shared_column_name",
      "elapsed_min": 4.3,
      "eval_count": 246,
      "QA_R@1": 0.4079945799457992,
      "QA_R@2": 0.5304200542005418,