{
  "source": "e2ewtq",
  "dataset": "e2ewtq",
  "best_edges": [
    "has_column",
    "shared_column_name"
  ],
  "results": {
    "eval_count": 61,
    "total": 61,
    "coarse_k": 100,
    "alpha": 0.0,
    "edge_mode": "E4",
    "Recall@1": 0.45901639344262296,
    "Recall@2": 0.5901639344262295,
    "Recall@5": 0.7868852459016393,
    "Recall@10": 0.8688524590163934,
    "Recall@50": 1.0,
    "MRR@k": 0.5981181803329416,
    "nDCG@5": 0.6295934916636247,
    "nDCG@10": 0.6571362955414394,
    "Precision@5": 0.15737704918032783,
    "Full Recall@5": 0.7868852459016393,
    "E0_Recall@1": 0.45901639344262296,
    "E0_Recall@5": 0.819672131147541,
    "E0_Recall@10": 0.8852459016393442,
    "E0_MRR": 0.604565875390369
  }
}