{
  "source": "e2ewtq",
  "dataset": "e2ewtq",
  "best_edges": [
    "similar_content"
  ],
  "results": {
    "eval_count": 61,
    "total": 61,
    "coarse_k": 100,
    "alpha": 0.3,
    "edge_mode": "E4",
    "Recall@1": 0.39344262295081966,
    "Recall@5": 0.819672131147541,
    "Recall@10": 0.9344262295081968,
    "MRR@k": 0.5859875097580016,
    "nDCG@5": 0.6322171592438217,
    "nDCG@10": 0.6708677557625424,
    "Precision@5": 0.16393442622950813,
    "Full Recall@5": 0.819672131147541,
    "E0_Recall@1": 0.19672131147540983,
    "E0_Recall@5": 0.5901639344262295,
    "E0_Recall@10": 0.7540983606557377,
    "E0_MRR": 0.37514962269060625
  }
}