{
  "source": "e2ewtq",
  "dataset": "e2ewtq",
  "best_edges": [
    "has_column",
    "shared_column_name"
  ],
  "results": {
    "eval_count": 61,
    "total": 61,
    "coarse_k": 100,
    "alpha": 0.0,
    "edge_mode": "E4",
    "Recall@1": 0.47540983606557374,
    "Recall@2": 0.5409836065573771,
    "Recall@5": 0.7377049180327869,
    "Recall@10": 0.8524590163934426,
    "Recall@50": 1.0,
    "MRR@k": 0.5931962261686161,
    "nDCG@5": 0.6110151629125764,
    "nDCG@10": 0.6483715145920648,
    "Precision@5": 0.14754098360655737,
    "Full Recall@5": 0.7377049180327869,
    "E0_Recall@1": 0.4426229508196721,
    "E0_Recall@5": 0.7540983606557377,
    "E0_Recall@10": 0.8360655737704918,
    "E0_MRR": 0.5647222213535896
  }
}