{
  "source": "e2ewtq",
  "dataset": "e2ewtq",
  "best_edges": [
    "similar_content"
  ],
  "results": {
    "eval_count": 61,
    "total": 61,
    "coarse_k": 100,
    "alpha": 0.0,
    "edge_mode": "E4",
    "Recall@1": 0.47540983606557374,
    "Recall@5": 0.7868852459016393,
    "Recall@10": 0.8852459016393442,
    "MRR@k": 0.6047228727556596,
    "nDCG@5": 0.6389266628427493,
    "nDCG@10": 0.6724635105074934,
    "Precision@5": 0.15737704918032783,
    "Full Recall@5": 0.7868852459016393,
    "E0_Recall@1": 0.4426229508196721,
    "E0_Recall@5": 0.7540983606557377,
    "E0_Recall@10": 0.8360655737704918,
    "E0_MRR": 0.5565768930523028
  }
}