{
  "source": "feta",
  "dataset": "feta",
  "best_edges": [
    "has_column",
    "same_page"
  ],
  "results": {
    "eval_count": 501,
    "total": 501,
    "coarse_k": 100,
    "alpha": 0.3,
    "edge_mode": "E4",
    "Recall@1": 0.8642714570858283,
    "Recall@5": 0.9241516966067864,
    "Recall@10": 0.9421157684630739,
    "MRR@k": 0.8929712004562304,
    "nDCG@5": 0.899006718795255,
    "nDCG@10": 0.9049720204743235,
    "Precision@5": 0.18483033932135884,
    "Full Recall@5": 0.9241516966067864,
    "E0_Recall@1": 0.4590818363273453,
    "E0_Recall@5": 0.6646706586826348,
    "E0_Recall@10": 0.7385229540918163,
    "E0_MRR": 0.5435509932515921
  }
}