{
  "source": "feta",
  "dataset": "feta",
  "best_edges": [
    "has_column",
    "same_page"
  ],
  "results": {
    "eval_count": 501,
    "total": 501,
    "coarse_k": 100,
    "alpha": 0.0,
    "edge_mode": "E4",
    "Recall@1": 0.8682634730538922,
    "Recall@5": 0.9261477045908184,
    "Recall@10": 0.9461077844311377,
    "MRR@k": 0.8946131546430948,
    "nDCG@5": 0.9003653278935715,
    "nDCG@10": 0.9070516127749059,
    "Precision@5": 0.18522954091816524,
    "Full Recall@5": 0.9261477045908184,
    "E0_Recall@1": 0.4590818363273453,
    "E0_Recall@5": 0.6646706586826348,
    "E0_Recall@10": 0.7385229540918163,
    "E0_MRR": 0.5435509932515921
  }
}