{
  "source": "feta",
  "dataset": "feta",
  "best_edges": [
    "similar_table",
    "has_column",
    "comes_from",
    "same_page",
    "shared_column_name"
  ],
  "results": {
    "eval_count": 501,
    "total": 501,
    "coarse_k": 100,
    "alpha": 0.0,
    "edge_mode": "E4",
    "Recall@1": 0.8942115768463074,
    "Recall@2": 0.9341317365269461,
    "Recall@5": 0.9600798403193613,
    "Recall@10": 0.9760479041916168,
    "Recall@50": 0.998003992015968,
    "MRR@k": 0.925157154763534,
    "nDCG@5": 0.931279806721264,
    "nDCG@10": 0.9366581418862707,
    "Precision@5": 0.19201596806387392,
    "Full Recall@5": 0.9600798403193613,
    "E0_Recall@1": 0.8842315369261478,
    "E0_Recall@5": 0.9620758483033932,
    "E0_Recall@10": 0.9820359281437125,
    "E0_MRR": 0.9186457916278857
  }
}