{
  "source": "feta",
  "dataset": "feta",
  "best_edges": [
    "similar_table",
    "has_column",
    "comes_from",
    "same_page",
    "shared_column_name"
  ],
  "results": {
    "eval_count": 501,
    "total": 501,
    "coarse_k": 100,
    "alpha": 0.0,
    "edge_mode": "E4",
    "Recall@1": 0.874251497005988,
    "Recall@2": 0.9041916167664671,
    "Recall@5": 0.9321357285429142,
    "Recall@10": 0.9461077844311377,
    "Recall@50": 0.9560878243512974,
    "MRR@k": 0.8993437393325697,
    "nDCG@5": 0.9056059163148026,
    "nDCG@10": 0.9102544377652332,
    "Precision@5": 0.1864271457085844,
    "Full Recall@5": 0.9321357285429142,
    "E0_Recall@1": 0.4590818363273453,
    "E0_Recall@5": 0.6646706586826348,
    "E0_Recall@10": 0.7385229540918163,
    "E0_MRR": 0.5523464685763995
  }
}