{
  "source": "mimo_ch",
  "dataset": "mimo_ch",
  "best_edges": [
    "has_column",
    "comes_from",
    "same_page",
    "similar_content"
  ],
  "results": {
    "eval_count": 100,
    "total": 100,
    "coarse_k": 100,
    "alpha": 0.0,
    "edge_mode": "E4",
    "Recall@1": 0.3728333333333333,
    "Recall@2": 0.49483333333333335,
    "Recall@5": 0.6345,
    "Recall@10": 0.7348333333333333,
    "Recall@50": 0.8380238095238094,
    "MRR@k": 0.588252871159848,
    "nDCG@5": 0.5426302714980404,
    "nDCG@10": 0.5807830554457509,
    "Precision@5": 0.1679999999999998,
    "Full Recall@5": 0.6345,
    "E0_Recall@1": 0.34700000000000003,
    "E0_Recall@5": 0.565,
    "E0_Recall@10": 0.6666666666666667,
    "E0_MRR": 0.5399193040778129
  }
}