{
  "source": "mimo_ch",
  "dataset": "mimo_ch",
  "best_edges": [
    "similar_content"
  ],
  "results": {
    "eval_count": 100,
    "total": 100,
    "coarse_k": 100,
    "alpha": 0.0,
    "edge_mode": "E4",
    "Recall@1": 0.3928333333333333,
    "Recall@5": 0.5954999999999999,
    "Recall@10": 0.7116666666666666,
    "MRR@k": 0.600170634920635,
    "nDCG@5": 0.5315373538076239,
    "nDCG@10": 0.5727018703832227,
    "Precision@5": 0.15599999999999986,
    "Full Recall@5": 0.5954999999999999,
    "E0_Recall@1": 0.34700000000000003,
    "E0_Recall@5": 0.565,
    "E0_Recall@10": 0.6666666666666667,
    "E0_MRR": 0.532357142857143
  }
}