{
  "source": "mimo_en",
  "dataset": "mimo_en",
  "best_edges": [
    "similar_table",
    "comes_from",
    "same_page",
    "shared_column_name"
  ],
  "results": {
    "eval_count": 63,
    "total": 65,
    "coarse_k": 100,
    "alpha": 0.0,
    "edge_mode": "E4",
    "Recall@1": 0.36957671957671956,
    "Recall@2": 0.48862433862433857,
    "Recall@5": 0.6201058201058202,
    "Recall@10": 0.7597883597883599,
    "Recall@50": 0.9470899470899471,
    "MRR@k": 0.5843173808611597,
    "nDCG@5": 0.529569812719548,
    "nDCG@10": 0.5797626443859997,
    "Precision@5": 0.15238095238095234,
    "Full Recall@5": 0.6201058201058202,
    "E0_Recall@1": 0.3862433862433862,
    "E0_Recall@5": 0.5843915343915344,
    "E0_Recall@10": 0.6796296296296297,
    "E0_MRR": 0.5526636970793901
  }
}