{
  "source": "mimo_en",
  "dataset": "mimo_en",
  "best_edges": [
    "similar_table",
    "comes_from",
    "same_page",
    "shared_column_name"
  ],
  "results": {
    "eval_count": 63,
    "total": 65,
    "coarse_k": 100,
    "alpha": 0.0,
    "edge_mode": "E4",
    "Recall@1": 0.4084656084656084,
    "Recall@2": 0.49100529100529094,
    "Recall@5": 0.5907407407407408,
    "Recall@10": 0.7201058201058202,
    "Recall@50": 0.9365079365079365,
    "MRR@k": 0.596796952388738,
    "nDCG@5": 0.5333708928273557,
    "nDCG@10": 0.5775024721699004,
    "Precision@5": 0.15238095238095234,
    "Full Recall@5": 0.5907407407407408,
    "E0_Recall@1": 0.32857142857142857,
    "E0_Recall@5": 0.621957671957672,
    "E0_Recall@10": 0.674867724867725,
    "E0_MRR": 0.5005181914703873
  }
}