{
  "source": "mimo_ch",
  "dataset": "mimo_ch",
  "best_edges": [
    "similar_content"
  ],
  "results": {
    "eval_count": 100,
    "total": 100,
    "coarse_k": 100,
    "alpha": 0.3,
    "edge_mode": "E4",
    "Recall@1": 0.36283333333333334,
    "Recall@5": 0.6041666666666666,
    "Recall@10": 0.7249999999999999,
    "MRR@k": 0.5790912698412699,
    "nDCG@5": 0.5206559714674317,
    "nDCG@10": 0.5617222400046614,
    "Precision@5": 0.15799999999999984,
    "Full Recall@5": 0.6041666666666666,
    "E0_Recall@1": 0.34700000000000003,
    "E0_Recall@5": 0.565,
    "E0_Recall@10": 0.6666666666666667,
    "E0_MRR": 0.532357142857143
  }
}