{
  "source": "mimo_en",
  "dataset": "mimo_en",
  "best_edges": [
    "has_column",
    "similar_content",
    "shared_column_name"
  ],
  "results": {
    "eval_count": 63,
    "total": 65,
    "coarse_k": 100,
    "alpha": 0.0,
    "edge_mode": "E4",
    "Recall@1": 0.4164021164021164,
    "Recall@5": 0.658994708994709,
    "Recall@10": 0.7058201058201059,
    "MRR@k": 0.5984756865709245,
    "nDCG@5": 0.5624294172572124,
    "nDCG@10": 0.5788873728964924,
    "Precision@5": 0.1587301587301587,
    "Full Recall@5": 0.658994708994709,
    "E0_Recall@1": 0.3862433862433862,
    "E0_Recall@5": 0.5843915343915344,
    "E0_Recall@10": 0.6796296296296297,
    "E0_MRR": 0.5429201310153692
  }
}