{
  "source": "mimo_ch",
  "dataset": "mimo_ch",
  "best_edges": [
    "has_column",
    "comes_from",
    "same_page",
    "similar_content"
  ],
  "results": {
    "eval_count": 100,
    "total": 100,
    "coarse_k": 100,
    "alpha": 0.0,
    "edge_mode": "E4",
    "Recall@1": 0.36733333333333335,
    "Recall@2": 0.4618333333333334,
    "Recall@5": 0.5858333333333333,
    "Recall@10": 0.6925,
    "Recall@50": 0.8663333333333333,
    "MRR@k": 0.57157056516442,
    "nDCG@5": 0.5070787296450493,
    "nDCG@10": 0.5446091587875322,
    "Precision@5": 0.14799999999999985,
    "Full Recall@5": 0.5858333333333333,
    "E0_Recall@1": 0.35783333333333334,
    "E0_Recall@5": 0.6135,
    "E0_Recall@10": 0.6791666666666667,
    "E0_MRR": 0.5559772612505137
  }
}