{
  "source": "mmqa",
  "dataset": "mmqa",
  "best_edges": [
    "has_column",
    "comes_from",
    "similar_content",
    "shared_column_name"
  ],
  "results": {
    "eval_count": 248,
    "total": 248,
    "coarse_k": 100,
    "alpha": 0.0,
    "edge_mode": "E4",
    "Recall@1": 0.40181451612903224,
    "Recall@2": 0.5224462365591398,
    "Recall@5": 0.7015456989247312,
    "Recall@10": 0.7936155913978493,
    "Recall@50": 0.9438172043010754,
    "MRR@k": 0.9263662328934507,
    "nDCG@5": 0.7081435837435094,
    "nDCG@10": 0.7464974038151448,
    "Precision@5": 0.3177419354838717,
    "Full Recall@5": 0.7015456989247312,
    "E0_Recall@1": 0.36888440860215055,
    "E0_Recall@5": 0.6491263440860215,
    "E0_Recall@10": 0.7398521505376342,
    "E0_MRR": 0.886904761904762
  }
}