{
  "source": "mmqa",
  "dataset": "mmqa",
  "best_edges": [
    "similar_table",
    "has_column",
    "comes_from",
    "same_page",
    "similar_content"
  ],
  "results": {
    "eval_count": 248,
    "total": 248,
    "coarse_k": 100,
    "alpha": 0.0,
    "edge_mode": "E4",
    "Recall@1": 0.4004704301075268,
    "Recall@2": 0.5110215053763442,
    "Recall@5": 0.6380376344086021,
    "Recall@10": 0.7324596774193549,
    "MRR@k": 0.9243279569892474,
    "nDCG@5": 0.6689127791412656,
    "nDCG@10": 0.7080510249119736,
    "Precision@5": 0.2887096774193555,
    "Full Recall@5": 0.6380376344086021,
    "E0_Recall@1": 0.38366935483870956,
    "E0_Recall@5": 0.6450940860215053,
    "E0_Recall@10": 0.7290994623655914,
    "E0_MRR": 0.90568356374808
  }
}