{
  "source": "mmqa",
  "dataset": "mmqa",
  "best_edges": [
    "has_column",
    "comes_from",
    "similar_content",
    "shared_column_name"
  ],
  "results": {
    "eval_count": 248,
    "total": 248,
    "coarse_k": 100,
    "alpha": 0.0,
    "edge_mode": "E4",
    "Recall@1": 0.39711021505376337,
    "Recall@2": 0.5419354838709677,
    "Recall@5": 0.6864247311827957,
    "Recall@10": 0.7818548387096774,
    "Recall@50": 0.9258064516129032,
    "MRR@k": 0.9267621491411815,
    "nDCG@5": 0.7026732641643915,
    "nDCG@10": 0.741058329890856,
    "Precision@5": 0.311290322580646,
    "Full Recall@5": 0.6864247311827957,
    "E0_Recall@1": 0.38904569892473106,
    "E0_Recall@5": 0.654502688172043,
    "E0_Recall@10": 0.7583333333333334,
    "E0_MRR": 0.9153478936710303
  }
}