{
  "source": "ottqa",
  "dataset": "ottqa",
  "best_edges": [
    "similar_table",
    "has_column",
    "comes_from",
    "same_page",
    "similar_content",
    "shared_column_name"
  ],
  "results": {
    "eval_count": 554,
    "total": 554,
    "coarse_k": 100,
    "alpha": 0.0,
    "edge_mode": "E4",
    "Recall@1": 0.8736462093862816,
    "Recall@2": 0.9386281588447654,
    "Recall@5": 0.9765342960288809,
    "Recall@10": 0.9855595667870036,
    "Recall@50": 0.9963898916967509,
    "MRR@k": 0.9193222842139808,
    "nDCG@5": 0.9325641868834098,
    "nDCG@10": 0.9355017384301214,
    "Precision@5": 0.19530685920577798,
    "Full Recall@5": 0.9765342960288809,
    "E0_Recall@1": 0.8303249097472925,
    "E0_Recall@5": 0.9675090252707581,
    "E0_Recall@10": 0.983754512635379,
    "E0_MRR": 0.8912812600909862
  }
}