{
  "source": "ottqa",
  "dataset": "ottqa",
  "best_edges": [
    "has_column",
    "similar_content"
  ],
  "results": {
    "eval_count": 554,
    "total": 554,
    "coarse_k": 100,
    "alpha": 0.3,
    "edge_mode": "E4",
    "Recall@1": 0.8339350180505415,
    "Recall@5": 0.9566787003610109,
    "Recall@10": 0.9693140794223827,
    "MRR@k": 0.8858926422554576,
    "nDCG@5": 0.9023904884086682,
    "nDCG@10": 0.9066552750239553,
    "Precision@5": 0.1913357400722039,
    "Full Recall@5": 0.9566787003610109,
    "E0_Recall@1": 0.5577617328519856,
    "E0_Recall@5": 0.7743682310469314,
    "E0_Recall@10": 0.8321299638989169,
    "E0_MRR": 0.6460926307947966
  }
}