{
  "source": "ottqa",
  "dataset": "ottqa",
  "best_edges": [
    "has_column",
    "similar_content"
  ],
  "results": {
    "eval_count": 554,
    "total": 554,
    "coarse_k": 100,
    "alpha": 0.0,
    "edge_mode": "E4",
    "Recall@1": 0.8411552346570397,
    "Recall@5": 0.9584837545126353,
    "Recall@10": 0.9765342960288809,
    "MRR@k": 0.8904675949802299,
    "nDCG@5": 0.9058316726051349,
    "nDCG@10": 0.9116117549296187,
    "Precision@5": 0.19169675090252883,
    "Full Recall@5": 0.9584837545126353,
    "E0_Recall@1": 0.5577617328519856,
    "E0_Recall@5": 0.7743682310469314,
    "E0_Recall@10": 0.8321299638989169,
    "E0_MRR": 0.6460926307947966
  }
}