{
  "source": "ottqa",
  "dataset": "ottqa",
  "best_edges": [
    "similar_table",
    "has_column",
    "comes_from",
    "same_page",
    "similar_content",
    "shared_column_name"
  ],
  "results": {
    "eval_count": 554,
    "total": 554,
    "coarse_k": 100,
    "alpha": 0.0,
    "edge_mode": "E4",
    "Recall@1": 0.8754512635379061,
    "Recall@2": 0.9404332129963899,
    "Recall@5": 0.9711191335740073,
    "Recall@10": 0.9765342960288809,
    "Recall@50": 0.9783393501805054,
    "MRR@k": 0.9171831127156034,
    "nDCG@5": 0.930350659111693,
    "nDCG@10": 0.9320651504578716,
    "Precision@5": 0.19422382671480323,
    "Full Recall@5": 0.9711191335740073,
    "E0_Recall@1": 0.5577617328519856,
    "E0_Recall@5": 0.7743682310469314,
    "E0_Recall@10": 0.8321299638989169,
    "E0_MRR": 0.6520102742428077
  }
}