{
  "feta": {
    "eval_count": 501,
    "total": 501,
    "coarse_k": 100,
    "alpha": 0.0,
    "edge_mode": "E4",
    "Recall@1": 0.8942115768463074,
    "Recall@2": 0.9341317365269461,
    "Recall@5": 0.9600798403193613,
    "Recall@10": 0.9760479041916168,
    "Recall@50": 0.998003992015968,
    "MRR@k": 0.925157154763534,
    "nDCG@5": 0.931279806721264,
    "nDCG@10": 0.9366581418862707,
    "Precision@5": 0.19201596806387392,
    "Full Recall@5": 0.9600798403193613,
    "E0_Recall@1": 0.8842315369261478,
    "E0_Recall@5": 0.9620758483033932,
    "E0_Recall@10": 0.9820359281437125,
    "E0_MRR": 0.9186457916278857
  },
  "ottqa": {
    "eval_count": 554,
    "total": 554,
    "coarse_k": 100,
    "alpha": 0.0,
    "edge_mode": "E4",
    "Recall@1": 0.8736462093862816,
    "Recall@2": 0.9386281588447654,
    "Recall@5": 0.9765342960288809,
    "Recall@10": 0.9855595667870036,
    "Recall@50": 0.9963898916967509,
    "MRR@k": 0.9193222842139808,
    "nDCG@5": 0.9325641868834098,
    "nDCG@10": 0.9355017384301214,
    "Precision@5": 0.19530685920577798,
    "Full Recall@5": 0.9765342960288809,
    "E0_Recall@1": 0.8303249097472925,
    "E0_Recall@5": 0.9675090252707581,
    "E0_Recall@10": 0.983754512635379,
    "E0_MRR": 0.8912812600909862
  },
  "mimo_en": {
    "eval_count": 63,
    "total": 65,
    "coarse_k": 100,
    "alpha": 0.0,
    "edge_mode": "E4",
    "Recall@1": 0.4084656084656084,
    "Recall@2": 0.49100529100529094,
    "Recall@5": 0.5907407407407408,
    "Recall@10": 0.7201058201058202,
    "Recall@50": 0.9365079365079365,
    "MRR@k": 0.596796952388738,
    "nDCG@5": 0.5333708928273557,
    "nDCG@10": 0.5775024721699004,
    "Precision@5": 0.15238095238095234,
    "Full Recall@5": 0.5907407407407408,
    "E0_Recall@1": 0.32857142857142857,
    "E0_Recall@5": 0.621957671957672,
    "E0_Recall@10": 0.674867724867725,
    "E0_MRR": 0.5005181914703873
  },
  "mimo_ch": {
    "eval_count": 100,
    "total": 100,
    "coarse_k": 100,
    "alpha": 0.0,
    "edge_mode": "E4",
    "Recall@1": 0.36733333333333335,
    "Recall@2": 0.4618333333333334,
    "Recall@5": 0.5858333333333333,
    "Recall@10": 0.6925,
    "Recall@50": 0.8663333333333333,
    "MRR@k": 0.57157056516442,
    "nDCG@5": 0.5070787296450493,
    "nDCG@10": 0.5446091587875322,
    "Precision@5": 0.14799999999999985,
    "Full Recall@5": 0.5858333333333333,
    "E0_Recall@1": 0.35783333333333334,
    "E0_Recall@5": 0.6135,
    "E0_Recall@10": 0.6791666666666667,
    "E0_MRR": 0.5559772612505137
  },
  "e2ewtq": {
    "eval_count": 61,
    "total": 61,
    "coarse_k": 100,
    "alpha": 0.0,
    "edge_mode": "E4",
    "Recall@1": 0.45901639344262296,
    "Recall@2": 0.5901639344262295,
    "Recall@5": 0.7868852459016393,
    "Recall@10": 0.8688524590163934,
    "Recall@50": 1.0,
    "MRR@k": 0.5981181803329416,
    "nDCG@5": 0.6295934916636247,
    "nDCG@10": 0.6571362955414394,
    "Precision@5": 0.15737704918032783,
    "Full Recall@5": 0.7868852459016393,
    "E0_Recall@1": 0.45901639344262296,
    "E0_Recall@5": 0.819672131147541,
    "E0_Recall@10": 0.8852459016393442,
    "E0_MRR": 0.604565875390369
  },
  "mmqa": {
    "eval_count": 248,
    "total": 248,
    "coarse_k": 100,
    "alpha": 0.0,
    "edge_mode": "E4",
    "Recall@1": 0.39711021505376337,
    "Recall@2": 0.5419354838709677,
    "Recall@5": 0.6864247311827957,
    "Recall@10": 0.7818548387096774,
    "Recall@50": 0.9258064516129032,
    "MRR@k": 0.9267621491411815,
    "nDCG@5": 0.7026732641643915,
    "nDCG@10": 0.741058329890856,
    "Precision@5": 0.311290322580646,
    "Full Recall@5": 0.6864247311827957,
    "E0_Recall@1": 0.38904569892473106,
    "E0_Recall@5": 0.654502688172043,
    "E0_Recall@10": 0.7583333333333334,
    "E0_MRR": 0.9153478936710303
  }
}