{
  "feta": {
    "eval_count": 501,
    "total": 501,
    "coarse_k": 100,
    "alpha": 0.0,
    "edge_mode": "E4",
    "Recall@1": 0.874251497005988,
    "Recall@2": 0.9041916167664671,
    "Recall@5": 0.9321357285429142,
    "Recall@10": 0.9461077844311377,
    "Recall@50": 0.9560878243512974,
    "MRR@k": 0.8993437393325697,
    "nDCG@5": 0.9056059163148026,
    "nDCG@10": 0.9102544377652332,
    "Precision@5": 0.1864271457085844,
    "Full Recall@5": 0.9321357285429142,
    "E0_Recall@1": 0.4590818363273453,
    "E0_Recall@5": 0.6646706586826348,
    "E0_Recall@10": 0.7385229540918163,
    "E0_MRR": 0.5523464685763995
  },
  "ottqa": {
    "eval_count": 554,
    "total": 554,
    "coarse_k": 100,
    "alpha": 0.0,
    "edge_mode": "E4",
    "Recall@1": 0.8754512635379061,
    "Recall@2": 0.9404332129963899,
    "Recall@5": 0.9711191335740073,
    "Recall@10": 0.9765342960288809,
    "Recall@50": 0.9783393501805054,
    "MRR@k": 0.9171831127156034,
    "nDCG@5": 0.930350659111693,
    "nDCG@10": 0.9320651504578716,
    "Precision@5": 0.19422382671480323,
    "Full Recall@5": 0.9711191335740073,
    "E0_Recall@1": 0.5577617328519856,
    "E0_Recall@5": 0.7743682310469314,
    "E0_Recall@10": 0.8321299638989169,
    "E0_MRR": 0.6520102742428077
  },
  "mimo_en": {
    "eval_count": 63,
    "total": 65,
    "coarse_k": 100,
    "alpha": 0.0,
    "edge_mode": "E4",
    "Recall@1": 0.36957671957671956,
    "Recall@2": 0.48862433862433857,
    "Recall@5": 0.6201058201058202,
    "Recall@10": 0.7597883597883599,
    "Recall@50": 0.9470899470899471,
    "MRR@k": 0.5843173808611597,
    "nDCG@5": 0.529569812719548,
    "nDCG@10": 0.5797626443859997,
    "Precision@5": 0.15238095238095234,
    "Full Recall@5": 0.6201058201058202,
    "E0_Recall@1": 0.3862433862433862,
    "E0_Recall@5": 0.5843915343915344,
    "E0_Recall@10": 0.6796296296296297,
    "E0_MRR": 0.5526636970793901
  },
  "mimo_ch": {
    "eval_count": 100,
    "total": 100,
    "coarse_k": 100,
    "alpha": 0.0,
    "edge_mode": "E4",
    "Recall@1": 0.3728333333333333,
    "Recall@2": 0.49483333333333335,
    "Recall@5": 0.6345,
    "Recall@10": 0.7348333333333333,
    "Recall@50": 0.8380238095238094,
    "MRR@k": 0.588252871159848,
    "nDCG@5": 0.5426302714980404,
    "nDCG@10": 0.5807830554457509,
    "Precision@5": 0.1679999999999998,
    "Full Recall@5": 0.6345,
    "E0_Recall@1": 0.34700000000000003,
    "E0_Recall@5": 0.565,
    "E0_Recall@10": 0.6666666666666667,
    "E0_MRR": 0.5399193040778129
  },
  "e2ewtq": {
    "eval_count": 61,
    "total": 61,
    "coarse_k": 100,
    "alpha": 0.0,
    "edge_mode": "E4",
    "Recall@1": 0.47540983606557374,
    "Recall@2": 0.5409836065573771,
    "Recall@5": 0.7377049180327869,
    "Recall@10": 0.8524590163934426,
    "Recall@50": 1.0,
    "MRR@k": 0.5931962261686161,
    "nDCG@5": 0.6110151629125764,
    "nDCG@10": 0.6483715145920648,
    "Precision@5": 0.14754098360655737,
    "Full Recall@5": 0.7377049180327869,
    "E0_Recall@1": 0.4426229508196721,
    "E0_Recall@5": 0.7540983606557377,
    "E0_Recall@10": 0.8360655737704918,
    "E0_MRR": 0.5647222213535896
  },
  "mmqa": {
    "eval_count": 248,
    "total": 248,
    "coarse_k": 100,
    "alpha": 0.0,
    "edge_mode": "E4",
    "Recall@1": 0.40181451612903224,
    "Recall@2": 0.5224462365591398,
    "Recall@5": 0.7015456989247312,
    "Recall@10": 0.7936155913978493,
    "Recall@50": 0.9438172043010754,
    "MRR@k": 0.9263662328934507,
    "nDCG@5": 0.7081435837435094,
    "nDCG@10": 0.7464974038151448,
    "Precision@5": 0.3177419354838717,
    "Full Recall@5": 0.7015456989247312,
    "E0_Recall@1": 0.36888440860215055,
    "E0_Recall@5": 0.6491263440860215,
    "E0_Recall@10": 0.7398521505376342,
    "E0_MRR": 0.886904761904762
  }
}