{
  "feta": {
    "eval_count": 501,
    "total": 501,
    "coarse_k": 100,
    "alpha": 0.3,
    "edge_mode": "E4",
    "Recall@1": 0.8642714570858283,
    "Recall@5": 0.9241516966067864,
    "Recall@10": 0.9421157684630739,
    "MRR@k": 0.8929712004562304,
    "nDCG@5": 0.899006718795255,
    "nDCG@10": 0.9049720204743235,
    "Precision@5": 0.18483033932135884,
    "Full Recall@5": 0.9241516966067864,
    "E0_Recall@1": 0.4590818363273453,
    "E0_Recall@5": 0.6646706586826348,
    "E0_Recall@10": 0.7385229540918163,
    "E0_MRR": 0.5435509932515921
  },
  "ottqa": {
    "eval_count": 554,
    "total": 554,
    "coarse_k": 100,
    "alpha": 0.3,
    "edge_mode": "E4",
    "Recall@1": 0.8339350180505415,
    "Recall@5": 0.9566787003610109,
    "Recall@10": 0.9693140794223827,
    "MRR@k": 0.8858926422554576,
    "nDCG@5": 0.9023904884086682,
    "nDCG@10": 0.9066552750239553,
    "Precision@5": 0.1913357400722039,
    "Full Recall@5": 0.9566787003610109,
    "E0_Recall@1": 0.5577617328519856,
    "E0_Recall@5": 0.7743682310469314,
    "E0_Recall@10": 0.8321299638989169,
    "E0_MRR": 0.6460926307947966
  },
  "mimo_en": {
    "eval_count": 63,
    "total": 65,
    "coarse_k": 100,
    "alpha": 0.3,
    "edge_mode": "E4",
    "Recall@1": 0.44814814814814813,
    "Recall@5": 0.63994708994709,
    "Recall@10": 0.6994708994708996,
    "MRR@k": 0.6198601662887377,
    "nDCG@5": 0.5694549020192827,
    "nDCG@10": 0.5901283343265143,
    "Precision@5": 0.15238095238095234,
    "Full Recall@5": 0.63994708994709,
    "E0_Recall@1": 0.3862433862433862,
    "E0_Recall@5": 0.5843915343915344,
    "E0_Recall@10": 0.6796296296296297,
    "E0_MRR": 0.5429201310153692
  },
  "mimo_ch": {
    "eval_count": 100,
    "total": 100,
    "coarse_k": 100,
    "alpha": 0.3,
    "edge_mode": "E4",
    "Recall@1": 0.36283333333333334,
    "Recall@5": 0.6041666666666666,
    "Recall@10": 0.7249999999999999,
    "MRR@k": 0.5790912698412699,
    "nDCG@5": 0.5206559714674317,
    "nDCG@10": 0.5617222400046614,
    "Precision@5": 0.15799999999999984,
    "Full Recall@5": 0.6041666666666666,
    "E0_Recall@1": 0.34700000000000003,
    "E0_Recall@5": 0.565,
    "E0_Recall@10": 0.6666666666666667,
    "E0_MRR": 0.532357142857143
  },
  "e2ewtq": {
    "eval_count": 61,
    "total": 61,
    "coarse_k": 100,
    "alpha": 0.3,
    "edge_mode": "E4",
    "Recall@1": 0.39344262295081966,
    "Recall@5": 0.819672131147541,
    "Recall@10": 0.9344262295081968,
    "MRR@k": 0.5859875097580016,
    "nDCG@5": 0.6322171592438217,
    "nDCG@10": 0.6708677557625424,
    "Precision@5": 0.16393442622950813,
    "Full Recall@5": 0.819672131147541,
    "E0_Recall@1": 0.19672131147540983,
    "E0_Recall@5": 0.5901639344262295,
    "E0_Recall@10": 0.7540983606557377,
    "E0_MRR": 0.37514962269060625
  },
  "mmqa": {
    "eval_count": 248,
    "total": 248,
    "coarse_k": 100,
    "alpha": 0.3,
    "edge_mode": "E4",
    "Recall@1": 0.40315860215053756,
    "Recall@5": 0.6061155913978494,
    "Recall@10": 0.6934811827956989,
    "MRR@k": 0.9295698924731184,
    "nDCG@5": 0.6518612677862653,
    "nDCG@10": 0.6877669632454376,
    "Precision@5": 0.2750000000000006,
    "Full Recall@5": 0.6061155913978494,
    "E0_Recall@1": 0.38501344086021494,
    "E0_Recall@5": 0.5799059139784943,
    "E0_Recall@10": 0.6524865591397849,
    "E0_MRR": 0.9059139784946237
  }
}