{
  "source": "e2ewtq",
  "dataset": "e2ewtq",
  "base_edges": [
    "similar_content"
  ],
  "edge_mode": "E1",
  "subgraph_k": 20,
  "results": {
    "eval_count": 61,
    "total": 61,
    "edge_mode": "E1",
    "subgraph_k": 20,
    "Recall@1": 0.04918032786885246,
    "Recall@5": 0.26229508196721313,
    "Recall@10": 0.3770491803278688,
    "MRR@k": 0.11785063752276867,
    "nDCG@5": 0.14305399525234241,
    "nDCG@10": 0.17748324482370442,
    "Precision@5": 0.05245901639344263,
    "Full Recall@5": 0.26229508196721313
  }
}