{
  "source": "e2ewtq",
  "dataset": "e2ewtq",
  "base_edges": [
    "similar_content"
  ],
  "edge_mode": "E2",
  "subgraph_k": 10,
  "results": {
    "eval_count": 61,
    "total": 61,
    "edge_mode": "E2",
    "subgraph_k": 10,
    "Recall@1": 0.08196721311475409,
    "Recall@5": 0.3114754098360656,
    "Recall@10": 0.5081967213114754,
    "MRR@k": 0.17740697371844913,
    "nDCG@5": 0.19204012464043801,
    "nDCG@10": 0.2535404216801688,
    "Precision@5": 0.06229508196721313,
    "Full Recall@5": 0.3114754098360656
  }
}