{
  "source": "e2ewtq",
  "dataset": "e2ewtq",
  "base_edges": [
    "similar_content"
  ],
  "edge_mode": "E4",
  "subgraph_k": 5,
  "results": {
    "eval_count": 61,
    "total": 61,
    "edge_mode": "E4",
    "subgraph_k": 5,
    "Recall@1": 0.18032786885245902,
    "Recall@5": 0.39344262295081966,
    "Recall@10": 0.39344262295081966,
    "MRR@k": 0.25437158469945353,
    "nDCG@5": 0.2886432272750999,
    "nDCG@10": 0.2886432272750999,
    "Precision@5": 0.07868852459016396,
    "Full Recall@5": 0.39344262295081966
  }
}