{
  "source": "e2ewtq",
  "dataset": "e2ewtq",
  "base_edges": [
    "similar_content"
  ],
  "edge_mode": "E1",
  "subgraph_k": 5,
  "results": {
    "eval_count": 61,
    "total": 61,
    "edge_mode": "E1",
    "subgraph_k": 5,
    "Recall@1": 0.08196721311475409,
    "Recall@5": 0.39344262295081966,
    "Recall@10": 0.39344262295081966,
    "MRR@k": 0.18606557377049182,
    "nDCG@5": 0.23718999967094886,
    "nDCG@10": 0.23718999967094886,
    "Precision@5": 0.07868852459016396,
    "Full Recall@5": 0.39344262295081966
  }
}