{
  "source": "feta",
  "dataset": "feta",
  "base_edges": [
    "has_column",
    "same_page"
  ],
  "edge_mode": "E3",
  "subgraph_k": 10,
  "results": {
    "eval_count": 501,
    "total": 501,
    "edge_mode": "E3",
    "subgraph_k": 10,
    "Recall@1": 0.11976047904191617,
    "Recall@5": 0.3852295409181637,
    "Recall@10": 0.5568862275449101,
    "MRR@k": 0.235302411050914,
    "nDCG@5": 0.25494625604603327,
    "nDCG@10": 0.3107156460161073,
    "Precision@5": 0.07704590818363276,
    "Full Recall@5": 0.3852295409181637
  }
}