{
  "source": "feta",
  "dataset": "feta",
  "base_edges": [
    "has_column",
    "same_page"
  ],
  "edge_mode": "E2",
  "subgraph_k": 5,
  "results": {
    "eval_count": 501,
    "total": 501,
    "edge_mode": "E2",
    "subgraph_k": 5,
    "Recall@1": 0.19760479041916168,
    "Recall@5": 0.45708582834331335,
    "Recall@10": 0.45708582834331335,
    "MRR@k": 0.29331337325349305,
    "nDCG@5": 0.3342226943846263,
    "nDCG@10": 0.3342226943846263,
    "Precision@5": 0.0914171656686629,
    "Full Recall@5": 0.45708582834331335
  }
}