{
  "source": "feta",
  "dataset": "feta",
  "base_edges": [
    "has_column",
    "same_page"
  ],
  "edge_mode": "E1",
  "subgraph_k": 50,
  "results": {
    "eval_count": 501,
    "total": 501,
    "edge_mode": "E1",
    "subgraph_k": 50,
    "Recall@1": 0.08582834331337326,
    "Recall@5": 0.3033932135728543,
    "Recall@10": 0.4750499001996008,
    "MRR@k": 0.18828058169375536,
    "nDCG@5": 0.19969321890929842,
    "nDCG@10": 0.2552330087081824,
    "Precision@5": 0.060678642714570706,
    "Full Recall@5": 0.3033932135728543
  }
}