{
  "source": "feta",
  "dataset": "feta",
  "base_edges": [
    "has_column",
    "same_page"
  ],
  "edge_mode": "E1",
  "subgraph_k": 5,
  "results": {
    "eval_count": 501,
    "total": 501,
    "edge_mode": "E1",
    "subgraph_k": 5,
    "Recall@1": 0.19560878243512975,
    "Recall@5": 0.45708582834331335,
    "Recall@10": 0.45708582834331335,
    "MRR@k": 0.2898868928809049,
    "nDCG@5": 0.3314699272147844,
    "nDCG@10": 0.3314699272147844,
    "Precision@5": 0.0914171656686629,
    "Full Recall@5": 0.45708582834331335
  }
}