{
  "source": "feta",
  "dataset": "feta",
  "base_edges": [
    "has_column",
    "same_page"
  ],
  "edge_mode": "E4",
  "subgraph_k": 10,
  "results": {
    "eval_count": 501,
    "total": 501,
    "edge_mode": "E4",
    "subgraph_k": 10,
    "Recall@1": 0.11377245508982035,
    "Recall@5": 0.36926147704590817,
    "Recall@10": 0.5568862275449101,
    "MRR@k": 0.223274878813801,
    "nDCG@5": 0.23992771849540584,
    "nDCG@10": 0.3010344787385547,
    "Precision@5": 0.0738522954091816,
    "Full Recall@5": 0.36926147704590817
  }
}