{
  "source": "feta",
  "dataset": "feta",
  "base_edges": [
    "has_column",
    "same_page"
  ],
  "edge_mode": "E0",
  "subgraph_k": 10,
  "results": {
    "eval_count": 501,
    "total": 501,
    "edge_mode": "E0",
    "subgraph_k": 10,
    "Recall@1": 0.19760479041916168,
    "Recall@5": 0.45708582834331335,
    "Recall@10": 0.5568862275449101,
    "MRR@k": 0.3009108766593796,
    "nDCG@5": 0.3301740100721485,
    "nDCG@10": 0.36155303320590154,
    "Precision@5": 0.0914171656686629,
    "Full Recall@5": 0.45708582834331335
  }
}