{
  "source": "feta",
  "dataset": "feta",
  "base_edges": [
    "has_column",
    "same_page"
  ],
  "edge_mode": "E4",
  "subgraph_k": 5,
  "results": {
    "eval_count": 501,
    "total": 501,
    "edge_mode": "E4",
    "subgraph_k": 5,
    "Recall@1": 0.15768463073852296,
    "Recall@5": 0.45708582834331335,
    "Recall@10": 0.45708582834331335,
    "MRR@k": 0.26916167664670654,
    "nDCG@5": 0.3160328841176112,
    "nDCG@10": 0.3160328841176112,
    "Precision@5": 0.0914171656686629,
    "Full Recall@5": 0.45708582834331335
  }
}