{
  "source": "feta",
  "dataset": "feta",
  "base_edges": [
    "has_column",
    "same_page"
  ],
  "edge_mode": "E4",
  "subgraph_k": 20,
  "results": {
    "eval_count": 501,
    "total": 501,
    "edge_mode": "E4",
    "subgraph_k": 20,
    "Recall@1": 0.10179640718562874,
    "Recall@5": 0.3153692614770459,
    "Recall@10": 0.5389221556886228,
    "MRR@k": 0.20013861166555774,
    "nDCG@5": 0.20530043739567794,
    "nDCG@10": 0.27814442102607273,
    "Precision@5": 0.06307385229540902,
    "Full Recall@5": 0.3153692614770459
  }
}