{
  "source": "feta",
  "dataset": "feta",
  "base_edges": [
    "has_column",
    "same_page"
  ],
  "edge_mode": "E1",
  "subgraph_k": 20,
  "results": {
    "eval_count": 501,
    "total": 501,
    "edge_mode": "E1",
    "subgraph_k": 20,
    "Recall@1": 0.13373253493013973,
    "Recall@5": 0.405189620758483,
    "Recall@10": 0.5848303393213573,
    "MRR@k": 0.24842933181256527,
    "nDCG@5": 0.26914770753192024,
    "nDCG@10": 0.3269256762946439,
    "Precision@5": 0.08103792415169668,
    "Full Recall@5": 0.405189620758483
  }
}