{
  "source": "mimo_ch",
  "dataset": "mimo_ch",
  "base_edges": [
    "similar_content"
  ],
  "edge_mode": "E2",
  "subgraph_k": 10,
  "results": {
    "eval_count": 100,
    "total": 100,
    "edge_mode": "E2",
    "subgraph_k": 10,
    "Recall@1": 0.075,
    "Recall@5": 0.31726190476190474,
    "Recall@10": 0.5584285714285714,
    "MRR@k": 0.21987301587301583,
    "nDCG@5": 0.2030270462042617,
    "nDCG@10": 0.2831037034098796,
    "Precision@5": 0.07800000000000004,
    "Full Recall@5": 0.28
  }
}