{
  "source": "mimo_ch",
  "dataset": "mimo_ch",
  "base_edges": [
    "similar_content"
  ],
  "edge_mode": "E4",
  "subgraph_k": 5,
  "results": {
    "eval_count": 100,
    "total": 100,
    "edge_mode": "E4",
    "subgraph_k": 5,
    "Recall@1": 0.05333333333333333,
    "Recall@5": 0.46950000000000003,
    "Recall@10": 0.46950000000000003,
    "MRR@k": 0.21483333333333327,
    "nDCG@5": 0.26166433302087794,
    "nDCG@10": 0.2615068871815545,
    "Precision@5": 0.11599999999999991,
    "Full Recall@5": 0.41
  }
}