{
  "source": "mimo_en",
  "dataset": "mimo_en",
  "base_edges": [
    "has_column",
    "similar_content",
    "shared_column_name"
  ],
  "edge_mode": "E2",
  "subgraph_k": 10,
  "results": {
    "eval_count": 63,
    "total": 65,
    "edge_mode": "E2",
    "subgraph_k": 10,
    "Recall@1": 0.2029100529100529,
    "Recall@5": 0.4616402116402117,
    "Recall@10": 0.6558201058201059,
    "MRR@k": 0.4005605946082136,
    "nDCG@5": 0.36153584780106,
    "nDCG@10": 0.42986425697271663,
    "Precision@5": 0.12380952380952386,
    "Full Recall@5": 0.38095238095238093
  }
}