{
  "source": "mimo_ch",
  "dataset": "mimo_ch",
  "base_edges": [
    "similar_content"
  ],
  "edge_mode": "E3",
  "subgraph_k": 20,
  "results": {
    "eval_count": 100,
    "total": 100,
    "edge_mode": "E3",
    "subgraph_k": 20,
    "Recall@1": 0.03666666666666667,
    "Recall@5": 0.15983333333333333,
    "Recall@10": 0.3155,
    "MRR@k": 0.11928571428571427,
    "nDCG@5": 0.10142212163757923,
    "nDCG@10": 0.15474453603526464,
    "Precision@5": 0.04600000000000001,
    "Full Recall@5": 0.13
  }
}