{
  "source": "mimo_en",
  "dataset": "mimo_en",
  "base_edges": [
    "has_column",
    "similar_content",
    "shared_column_name"
  ],
  "edge_mode": "E0",
  "subgraph_k": 10,
  "results": {
    "eval_count": 63,
    "total": 65,
    "edge_mode": "E0",
    "subgraph_k": 10,
    "Recall@1": 0.3767195767195767,
    "Recall@5": 0.5716931216931217,
    "Recall@10": 0.6558201058201059,
    "MRR@k": 0.5479276895943561,
    "nDCG@5": 0.5055097055096899,
    "nDCG@10": 0.5386658720106404,
    "Precision@5": 0.13968253968253969,
    "Full Recall@5": 0.49206349206349204
  }
}