{
  "source": "mimo_ch",
  "dataset": "mimo_ch",
  "base_edges": [
    "similar_content"
  ],
  "edge_mode": "E3",
  "subgraph_k": 10,
  "results": {
    "eval_count": 100,
    "total": 100,
    "edge_mode": "E3",
    "subgraph_k": 10,
    "Recall@1": 0.0475,
    "Recall@5": 0.2503333333333333,
    "Recall@10": 0.5584285714285714,
    "MRR@k": 0.1861507936507936,
    "nDCG@5": 0.15554812147353436,
    "nDCG@10": 0.25963344497437574,
    "Precision@5": 0.06400000000000003,
    "Full Recall@5": 0.21
  }
}