{
  "source": "mimo_ch",
  "dataset": "mimo_ch",
  "base_edges": [
    "similar_content"
  ],
  "edge_mode": "E0",
  "subgraph_k": 10,
  "results": {
    "eval_count": 100,
    "total": 100,
    "edge_mode": "E0",
    "subgraph_k": 10,
    "Recall@1": 0.22366666666666668,
    "Recall@5": 0.46950000000000003,
    "Recall@10": 0.5584285714285714,
    "MRR@k": 0.3899801587301587,
    "nDCG@5": 0.365292357466992,
    "nDCG@10": 0.3965012008834018,
    "Precision@5": 0.11599999999999991,
    "Full Recall@5": 0.41
  }
}