{
  "source": "mimo_ch",
  "dataset": "mimo_ch",
  "base_edges": [
    "similar_content"
  ],
  "edge_mode": "E1",
  "subgraph_k": 20,
  "results": {
    "eval_count": 100,
    "total": 100,
    "edge_mode": "E1",
    "subgraph_k": 20,
    "Recall@1": 0.003333333333333333,
    "Recall@5": 0.16226190476190475,
    "Recall@10": 0.26426190476190475,
    "MRR@k": 0.09801984126984127,
    "nDCG@5": 0.08748679708522684,
    "nDCG@10": 0.12320542123043424,
    "Precision@5": 0.048000000000000015,
    "Full Recall@5": 0.13
  }
}