{
  "source": "mmqa",
  "dataset": "mmqa",
  "base_edges": [
    "similar_table",
    "has_column",
    "comes_from",
    "same_page",
    "similar_content"
  ],
  "edge_mode": "E3",
  "subgraph_k": 5,
  "results": {
    "eval_count": 248,
    "total": 248,
    "edge_mode": "E3",
    "subgraph_k": 5,
    "Recall@1": 0.3574596774193548,
    "Recall@5": 0.5711693548387093,
    "Recall@10": 0.5711693548387093,
    "MRR@k": 0.8659274193548386,
    "nDCG@5": 0.5959524581914474,
    "nDCG@10": 0.5959524581914474,
    "Precision@5": 0.258870967741936,
    "Full Recall@5": 0.1693548387096774
  }
}