{
  "source": "mmqa",
  "dataset": "mmqa",
  "base_edges": [
    "similar_table",
    "has_column",
    "comes_from",
    "same_page",
    "similar_content"
  ],
  "edge_mode": "E4",
  "subgraph_k": 10,
  "results": {
    "eval_count": 248,
    "total": 248,
    "edge_mode": "E4",
    "subgraph_k": 10,
    "Recall@1": 0.352755376344086,
    "Recall@5": 0.53252688172043,
    "Recall@10": 0.6538306451612903,
    "MRR@k": 0.8560963901689707,
    "nDCG@5": 0.5741410113991059,
    "nDCG@10": 0.6238444260693264,
    "Precision@5": 0.24032258064516185,
    "Full Recall@5": 0.13306451612903225
  }
}