{
  "source": "ottqa",
  "dataset": "ottqa",
  "base_edges": [
    "has_column",
    "similar_content"
  ],
  "edge_mode": "E3",
  "subgraph_k": 10,
  "results": {
    "eval_count": 554,
    "total": 554,
    "edge_mode": "E3",
    "subgraph_k": 10,
    "Recall@1": 0.2545126353790614,
    "Recall@5": 0.6335740072202166,
    "Recall@10": 0.7888086642599278,
    "MRR@k": 0.4123438484900577,
    "nDCG@5": 0.45078393056856736,
    "nDCG@10": 0.5019744044913603,
    "Precision@5": 0.12671480144404415,
    "Full Recall@5": 0.6335740072202166
  }
}