{
  "source": "ottqa",
  "dataset": "ottqa",
  "base_edges": [
    "has_column",
    "similar_content"
  ],
  "edge_mode": "E2",
  "subgraph_k": 20,
  "results": {
    "eval_count": 554,
    "total": 554,
    "edge_mode": "E2",
    "subgraph_k": 20,
    "Recall@1": 0.2581227436823105,
    "Recall@5": 0.6083032490974729,
    "Recall@10": 0.7581227436823105,
    "MRR@k": 0.40258796057532487,
    "nDCG@5": 0.43801134966006716,
    "nDCG@10": 0.48710174230827796,
    "Precision@5": 0.12166064981949534,
    "Full Recall@5": 0.6083032490974729
  }
}