{
  "source": "ottqa",
  "dataset": "ottqa",
  "base_edges": [
    "has_column",
    "similar_content"
  ],
  "edge_mode": "E1",
  "subgraph_k": 20,
  "results": {
    "eval_count": 554,
    "total": 554,
    "edge_mode": "E1",
    "subgraph_k": 20,
    "Recall@1": 0.2364620938628159,
    "Recall@5": 0.5577617328519856,
    "Recall@10": 0.740072202166065,
    "MRR@k": 0.37705790499111796,
    "nDCG@5": 0.40348867773155805,
    "nDCG@10": 0.46273342847728566,
    "Precision@5": 0.11155234657039773,
    "Full Recall@5": 0.5577617328519856
  }
}