{
  "source": "ottqa",
  "dataset": "ottqa",
  "base_edges": [
    "has_column",
    "similar_content"
  ],
  "edge_mode": "E1",
  "subgraph_k": 10,
  "results": {
    "eval_count": 554,
    "total": 554,
    "edge_mode": "E1",
    "subgraph_k": 10,
    "Recall@1": 0.29061371841155237,
    "Recall@5": 0.6841155234657039,
    "Recall@10": 0.7888086642599278,
    "MRR@k": 0.4502764884533838,
    "nDCG@5": 0.49731110613713747,
    "nDCG@10": 0.5320703670289157,
    "Precision@5": 0.13682310469314177,
    "Full Recall@5": 0.6841155234657039
  }
}