{
  "source": "ottqa",
  "dataset": "ottqa",
  "base_edges": [
    "has_column",
    "similar_content"
  ],
  "edge_mode": "E4",
  "subgraph_k": 10,
  "results": {
    "eval_count": 554,
    "total": 554,
    "edge_mode": "E4",
    "subgraph_k": 10,
    "Recall@1": 0.26534296028880866,
    "Recall@5": 0.6155234657039711,
    "Recall@10": 0.7888086642599278,
    "MRR@k": 0.41436164116669516,
    "nDCG@5": 0.44584851550580534,
    "nDCG@10": 0.5031679024938593,
    "Precision@5": 0.123104693140795,
    "Full Recall@5": 0.6155234657039711
  }
}