{
  "source": "ottqa",
  "dataset": "ottqa",
  "base_edges": [
    "has_column",
    "similar_content"
  ],
  "edge_mode": "E4",
  "subgraph_k": 5,
  "results": {
    "eval_count": 554,
    "total": 554,
    "edge_mode": "E4",
    "subgraph_k": 5,
    "Recall@1": 0.296028880866426,
    "Recall@5": 0.6750902527075813,
    "Recall@10": 0.6750902527075813,
    "MRR@k": 0.4374548736462096,
    "nDCG@5": 0.4966896833316274,
    "nDCG@10": 0.4966896833316274,
    "Precision@5": 0.1350180505415172,
    "Full Recall@5": 0.6750902527075813
  }
}