{
  "source": "ottqa",
  "dataset": "ottqa",
  "base_edges": [
    "has_column",
    "similar_content"
  ],
  "edge_mode": "E3",
  "subgraph_k": 5,
  "results": {
    "eval_count": 554,
    "total": 554,
    "edge_mode": "E3",
    "subgraph_k": 5,
    "Recall@1": 0.27617328519855594,
    "Recall@5": 0.6750902527075813,
    "Recall@10": 0.6750902527075813,
    "MRR@k": 0.4261732851985559,
    "nDCG@5": 0.48831895967393246,
    "nDCG@10": 0.48831895967393246,
    "Precision@5": 0.1350180505415172,
    "Full Recall@5": 0.6750902527075813
  }
}