{
  "dataset": "e2ewtq",
  "corpus": "full (train+dev+test)",
  "n_tables": 742,
  "eval_count": 61,
  "best_edges": [
    "has_column",
    "comes_from"
  ],
  "TWIG_R@1": 0.0,
  "TWIG_R@2": 0.0,
  "TWIG_R@5": 0.0,
  "TWIG_R@10": 0.01639344262295082,
  "TWIG_R@50": 0.39344262295081966,
  "TWIG_MRR": 0.017505950791168245,
  "QA_R@1": 0.0,
  "QA_R@2": 0.03278688524590164,
  "QA_R@5": 0.04918032786885246,
  "QA_R@10": 0.08196721311475409,
  "QA_R@50": 0.3442622950819672,
  "QA_MRR": 0.03534837427093091,
  "QA_nDCG@10": 0.0378529661912462
}