config,code,binary,label,num_edges,kept_edges,QA_R@1,QA_R@5,QA_R@10,QA_MRR,QA_nDCG@10,TWIG_R@1,TWIG_R@5,TWIG_R@10,TWIG_MRR,twig_best_epoch,qa_best_epoch,elapsed_min
A44,44,101100,tt + tp + sp,3,"similar_table, comes_from, same_page",0.8481012658227848,0.9783001808318263,0.9945750452079566,0.9028133166973062,0.9253726965362138,0.786618444846293,0.9638336347197106,0.9837251356238698,0.8635810006583059,,,75.4
A45,45,101101,tt + tp + sp + sc,4,"similar_table, comes_from, same_page, shared_column_name",0.8481012658227848,0.9873417721518988,0.9891500904159132,0.9074761751978757,0.9277299423323344,0.7811934900542495,0.9656419529837251,0.9873417721518988,0.8604401822643227,,,69.4
