{
  "experiment": "Query-Aware v2 Edge Ablation (A0-A63)",
  "dataset": "ottqa",
  "edge_types": [
    "similar_table",
    "has_column",
    "comes_from",
    "same_page",
    "similar_content",
    "shared_column_name"
  ],
  "edge_abbreviations": [
    "tt",
    "tc",
    "tp",
    "sp",
    "cc",
    "sc"
  ],
  "timestamp": "2026-06-04T00:38:10.293300",
  "twig_hps": {
    "LEARNING_RATE": 0.0005543418807199451,
    "HIDDEN_CHANNELS": 768,
    "DROPOUT": 0.10028905529000982,
    "WEIGHT_DECAY": 0.03217253330215496,
    "SAGE_AGGR": "min",
    "HETERO_AGGR": "max",
    "CLIP_GRAD_NORM": 0.6,
    "TEMP_START": 0.05,
    "TEMP_END": 0.03,
    "SMOOTH_START": 0.12,
    "SMOOTH_END": 0.06,
    "NUM_EPOCHS": 30,
    "WARMUP_EPOCHS": 2,
    "BATCH_SIZE": 128,
    "CHUNK_SIZE": 1024
  },
  "qa_hps": {
    "QUERY_EDGE_MODE": "E4",
    "BASE_LR": 0.0001,
    "QUERY_LR": 0.0005,
    "NUM_EPOCHS": 15,
    "SUBGRAPH_K": 30
  },
  "results": [
    {
      "config": "A44",
      "code": 44,
      "binary": "101100",
      "label": "tt + tp + sp",
      "num_edges": 3,
      "kept_edges": "similar_table, comes_from, same_page",
      "elapsed_min": 75.4,
      "eval_count": 553,
      "QA_R@1": 0.8481012658227848,
      "QA_R@2": 0.9204339963833634,
      "QA_R@5": 0.9783001808318263,
      "QA_R@10": 0.9945750452079566,
      "QA_R@50": 0.9981916817359855,
      "QA_MRR": 0.9028133166973062,
      "QA_nDCG@10": 0.9253726965362138,
      "TWIG_R@1": 0.786618444846293,
      "TWIG_R@2": 0.895117540687161,
      "TWIG_R@5": 0.9638336347197106,
      "TWIG_R@10": 0.9837251356238698,
      "TWIG_R@50": 1.0,
      "TWIG_MRR": 0.8635810006583059,
      "test_eval_count": 554,
      "test_QA_R@1": 0.8646209386281588,
      "test_QA_R@2": 0.927797833935018,
      "test_QA_R@5": 0.9675090252707581,
      "test_QA_R@10": 0.9855595667870036,
      "test_QA_R@50": 1.0,
      "test_QA_MRR": 0.910570987724286,
      "test_QA_nDCG@10": 0.9285841118928645,
      "test_TWIG_R@1": 0.8050541516245487,
      "test_TWIG_R@2": 0.907942238267148,
      "test_TWIG_R@5": 0.9657039711191335,
      "test_TWIG_R@10": 0.9819494584837545,
      "test_TWIG_R@50": 0.9981949458483754,
      "test_TWIG_MRR": 0.8761935713432295
    },
    {
      "config": "A45",
      "code": 45,
      "binary": "101101",
      "label": "tt + tp + sp + sc",
      "num_edges": 4,
      "kept_edges": "similar_table, comes_from, same_page, shared_column_name",
      "elapsed_min": 69.4,
      "eval_count": 553,
      "QA_R@1": 0.8481012658227848,
      "QA_R@2": 0.9349005424954792,
      "QA_R@5": 0.9873417721518988,
      "QA_R@10": 0.9891500904159132,
      "QA_R@50": 1.0,
      "QA_MRR": 0.9074761751978757,
      "QA_nDCG@10": 0.9277299423323344,
      "TWIG_R@1": 0.7811934900542495,
      "TWIG_R@2": 0.8842676311030742,
      "TWIG_R@5": 0.9656419529837251,
      "TWIG_R@10": 0.9873417721518988,
      "TWIG_R@50": 0.9981916817359855,
      "TWIG_MRR": 0.8604401822643227,
      "test_eval_count": 554,
      "test_QA_R@1": 0.8592057761732852,
      "test_QA_R@2": 0.9368231046931408,
      "test_QA_R@5": 0.9711191335740073,
      "test_QA_R@10": 0.9819494584837545,
      "test_QA_R@50": 0.9981949458483754,
      "test_QA_MRR": 0.9102705356855016,
      "test_QA_nDCG@10": 0.9275571243508238,
      "test_TWIG_R@1": 0.8086642599277978,
      "test_TWIG_R@2": 0.9097472924187726,
      "test_TWIG_R@5": 0.9657039711191335,
      "test_TWIG_R@10": 0.9783393501805054,
      "test_TWIG_R@50": 0.9963898916967509,
      "test_TWIG_MRR": 0.8779099660868608
    }
  ]
}