{
  "experiment": "Query-Aware v2 Edge Ablation (A0-A63)",
  "dataset": "e2ewtq",
  "edge_types": [
    "similar_table",
    "has_column",
    "comes_from",
    "same_page",
    "similar_content",
    "shared_column_name"
  ],
  "edge_abbreviations": [
    "tt",
    "tc",
    "tp",
    "sp",
    "cc",
    "sc"
  ],
  "timestamp": "2026-06-03T17:54:42.175952",
  "twig_hps": {
    "LEARNING_RATE": 0.0005543418807199451,
    "HIDDEN_CHANNELS": 768,
    "DROPOUT": 0.10028905529000982,
    "WEIGHT_DECAY": 0.03217253330215496,
    "SAGE_AGGR": "min",
    "HETERO_AGGR": "max",
    "CLIP_GRAD_NORM": 0.6,
    "TEMP_START": 0.05,
    "TEMP_END": 0.03,
    "SMOOTH_START": 0.12,
    "SMOOTH_END": 0.06,
    "NUM_EPOCHS": 30,
    "WARMUP_EPOCHS": 2,
    "BATCH_SIZE": 128,
    "CHUNK_SIZE": 1024
  },
  "qa_hps": {
    "QUERY_EDGE_MODE": "E4",
    "BASE_LR": 0.0001,
    "QUERY_LR": 0.0005,
    "NUM_EPOCHS": 15,
    "SUBGRAPH_K": 30
  },
  "results": [
    {
      "config": "A48",
      "code": 48,
      "binary": "110000",
      "label": "tt + tc",
      "num_edges": 2,
      "kept_edges": "similar_table, has_column",
      "elapsed_min": 1.4,
      "eval_count": 60,
      "QA_R@1": 0.25,
      "QA_R@2": 0.4,
      "QA_R@5": 0.65,
      "QA_R@10": 0.8166666666666667,
      "QA_R@50": 1.0,
      "QA_MRR": 0.43087361712361716,
      "QA_nDCG@10": 0.5144120490482956,
      "TWIG_R@1": 0.31666666666666665,
      "TWIG_R@2": 0.48333333333333334,
      "TWIG_R@5": 0.7333333333333333,
      "TWIG_R@10": 0.9,
      "TWIG_R@50": 1.0,
      "TWIG_MRR": 0.49778851624281734,
      "test_eval_count": 61,
      "test_QA_R@1": 0.22950819672131148,
      "test_QA_R@2": 0.3770491803278688,
      "test_QA_R@5": 0.6721311475409836,
      "test_QA_R@10": 0.819672131147541,
      "test_QA_R@50": 0.9836065573770492,
      "test_QA_MRR": 0.411048764468008,
      "test_QA_nDCG@10": 0.5030821305899237,
      "test_TWIG_R@1": 0.3770491803278688,
      "test_TWIG_R@2": 0.5081967213114754,
      "test_TWIG_R@5": 0.7540983606557377,
      "test_TWIG_R@10": 0.9016393442622951,
      "test_TWIG_R@50": 1.0,
      "test_TWIG_MRR": 0.5335142069709952
    },
    {
      "config": "A49",
      "code": 49,
      "binary": "110001",
      "label": "tt + tc + sc",
      "num_edges": 3,
      "kept_edges": "similar_table, has_column, shared_column_name",
      "elapsed_min": 1.5,
      "eval_count": 60,
      "QA_R@1": 0.38333333333333336,
      "QA_R@2": 0.5166666666666667,
      "QA_R@5": 0.75,
      "QA_R@10": 0.8833333333333333,
      "QA_R@50": 0.9833333333333333,
      "QA_MRR": 0.5314665110717741,
      "QA_nDCG@10": 0.6101344000143942,
      "TWIG_R@1": 0.4,
      "TWIG_R@2": 0.5333333333333333,
      "TWIG_R@5": 0.7833333333333333,
      "TWIG_R@10": 0.9166666666666666,
      "TWIG_R@50": 1.0,
      "TWIG_MRR": 0.5542250555060455,
      "test_eval_count": 61,
      "test_QA_R@1": 0.36065573770491804,
      "test_QA_R@2": 0.5245901639344263,
      "test_QA_R@5": 0.7868852459016393,
      "test_QA_R@10": 0.8524590163934426,
      "test_QA_R@50": 1.0,
      "test_QA_MRR": 0.5307553178454819,
      "test_QA_nDCG@10": 0.6008951837751291,
      "test_TWIG_R@1": 0.36065573770491804,
      "test_TWIG_R@2": 0.5901639344262295,
      "test_TWIG_R@5": 0.7868852459016393,
      "test_TWIG_R@10": 0.9180327868852459,
      "test_TWIG_R@50": 1.0,
      "test_TWIG_MRR": 0.5506122125405991
    },
    {
      "config": "A50",
      "code": 50,
      "binary": "110010",
      "label": "tt + tc + cc",
      "num_edges": 3,
      "kept_edges": "similar_table, has_column, similar_content",
      "elapsed_min": 1.9,
      "eval_count": 60,
      "QA_R@1": 0.3,
      "QA_R@2": 0.45,
      "QA_R@5": 0.7,
      "QA_R@10": 0.8666666666666667,
      "QA_R@50": 1.0,
      "QA_MRR": 0.4756868508216547,
      "QA_nDCG@10": 0.5620632916336505,
      "TWIG_R@1": 0.3,
      "TWIG_R@2": 0.38333333333333336,
      "TWIG_R@5": 0.6,
      "TWIG_R@10": 0.8833333333333333,
      "TWIG_R@50": 1.0,
      "TWIG_MRR": 0.4547961852961852,
      "test_eval_count": 61,
      "test_QA_R@1": 0.4262295081967213,
      "test_QA_R@2": 0.5245901639344263,
      "test_QA_R@5": 0.7540983606557377,
      "test_QA_R@10": 0.8688524590163934,
      "test_QA_R@50": 0.9836065573770492,
      "test_QA_MRR": 0.5587552732634701,
      "test_QA_nDCG@10": 0.6282446535896177,
      "test_TWIG_R@1": 0.45901639344262296,
      "test_TWIG_R@2": 0.5901639344262295,
      "test_TWIG_R@5": 0.7868852459016393,
      "test_TWIG_R@10": 0.8688524590163934,
      "test_TWIG_R@50": 1.0,
      "test_TWIG_MRR": 0.5972560189773304
    },
    {
      "config": "A51",
      "code": 51,
      "binary": "110011",
      "label": "tt + tc + cc + sc",
      "num_edges": 4,
      "kept_edges": "similar_table, has_column, similar_content, shared_column_name",
      "elapsed_min": 2.4,
      "eval_count": 60,
      "QA_R@1": 0.3333333333333333,
      "QA_R@2": 0.4166666666666667,
      "QA_R@5": 0.6333333333333333,
      "QA_R@10": 0.85,
      "QA_R@50": 1.0,
      "QA_MRR": 0.4742548227738444,
      "QA_nDCG@10": 0.5565468109947359,
      "TWIG_R@1": 0.2833333333333333,
      "TWIG_R@2": 0.4166666666666667,
      "TWIG_R@5": 0.6166666666666667,
      "TWIG_R@10": 0.8166666666666667,
      "TWIG_R@50": 1.0,
      "TWIG_MRR": 0.44419000063833647,
      "test_eval_count": 61,
      "test_QA_R@1": 0.4426229508196721,
      "test_QA_R@2": 0.6065573770491803,
      "test_QA_R@5": 0.819672131147541,
      "test_QA_R@10": 0.9180327868852459,
      "test_QA_R@50": 1.0,
      "test_QA_MRR": 0.6004553734061931,
      "test_QA_nDCG@10": 0.6727208865227774,
      "test_TWIG_R@1": 0.39344262295081966,
      "test_TWIG_R@2": 0.6065573770491803,
      "test_TWIG_R@5": 0.819672131147541,
      "test_TWIG_R@10": 0.9344262295081968,
      "test_TWIG_R@50": 1.0,
      "test_TWIG_MRR": 0.5795220283841307
    }
  ]
}