{
  "experiment": "Query-Aware v2 Edge Ablation (A0-A63)",
  "dataset": "feta",
  "edge_types": [
    "similar_table",
    "has_column",
    "comes_from",
    "same_page",
    "similar_content",
    "shared_column_name"
  ],
  "edge_abbreviations": [
    "tt",
    "tc",
    "tp",
    "sp",
    "cc",
    "sc"
  ],
  "timestamp": "2026-06-03T23:16:16.750836",
  "twig_hps": {
    "LEARNING_RATE": 0.0005543418807199451,
    "HIDDEN_CHANNELS": 768,
    "DROPOUT": 0.10028905529000982,
    "WEIGHT_DECAY": 0.03217253330215496,
    "SAGE_AGGR": "min",
    "HETERO_AGGR": "max",
    "CLIP_GRAD_NORM": 0.6,
    "TEMP_START": 0.05,
    "TEMP_END": 0.03,
    "SMOOTH_START": 0.12,
    "SMOOTH_END": 0.06,
    "NUM_EPOCHS": 30,
    "WARMUP_EPOCHS": 2,
    "BATCH_SIZE": 128,
    "CHUNK_SIZE": 1024
  },
  "qa_hps": {
    "QUERY_EDGE_MODE": "E4",
    "BASE_LR": 0.0001,
    "QUERY_LR": 0.0005,
    "NUM_EPOCHS": 15,
    "SUBGRAPH_K": 30
  },
  "results": [
    {
      "config": "A33",
      "code": 33,
      "binary": "100001",
      "label": "tt + sc",
      "num_edges": 2,
      "kept_edges": "similar_table, shared_column_name",
      "elapsed_min": 24.7,
      "eval_count": 500,
      "QA_R@1": 0.814,
      "QA_R@2": 0.882,
      "QA_R@5": 0.914,
      "QA_R@10": 0.95,
      "QA_R@50": 0.99,
      "QA_MRR": 0.8644410054296494,
      "QA_nDCG@10": 0.8836109437676726,
      "TWIG_R@1": 0.778,
      "TWIG_R@2": 0.846,
      "TWIG_R@5": 0.914,
      "TWIG_R@10": 0.94,
      "TWIG_R@50": 0.99,
      "TWIG_MRR": 0.8370187173712278,
      "test_eval_count": 501,
      "test_QA_R@1": 0.8183632734530938,
      "test_QA_R@2": 0.8882235528942116,
      "test_QA_R@5": 0.9421157684630739,
      "test_QA_R@10": 0.9700598802395209,
      "test_QA_R@50": 0.9960079840319361,
      "test_QA_MRR": 0.8740660489834372,
      "test_QA_nDCG@10": 0.8966530003917154,
      "test_TWIG_R@1": 0.7664670658682635,
      "test_TWIG_R@2": 0.8662674650698603,
      "test_TWIG_R@5": 0.936127744510978,
      "test_TWIG_R@10": 0.9620758483033932,
      "test_TWIG_R@50": 0.9960079840319361,
      "test_TWIG_MRR": 0.8411992901716077
    },
    {
      "config": "A34",
      "code": 34,
      "binary": "100010",
      "label": "tt + cc",
      "num_edges": 2,
      "kept_edges": "similar_table, similar_content",
      "elapsed_min": 17.0,
      "eval_count": 500,
      "QA_R@1": 0.796,
      "QA_R@2": 0.846,
      "QA_R@5": 0.914,
      "QA_R@10": 0.954,
      "QA_R@50": 0.99,
      "QA_MRR": 0.8471149614540234,
      "QA_nDCG@10": 0.8713834551885141,
      "TWIG_R@1": 0.748,
      "TWIG_R@2": 0.848,
      "TWIG_R@5": 0.902,
      "TWIG_R@10": 0.936,
      "TWIG_R@50": 0.982,
      "TWIG_MRR": 0.8196403123278867,
      "test_eval_count": 501,
      "test_QA_R@1": 0.7944111776447106,
      "test_QA_R@2": 0.8782435129740519,
      "test_QA_R@5": 0.9301397205588823,
      "test_QA_R@10": 0.9680638722554891,
      "test_QA_R@50": 0.9920159680638723,
      "test_QA_MRR": 0.8573104918585432,
      "test_QA_nDCG@10": 0.8831495046544948,
      "test_TWIG_R@1": 0.7385229540918163,
      "test_TWIG_R@2": 0.8343313373253493,
      "test_TWIG_R@5": 0.9121756487025948,
      "test_TWIG_R@10": 0.9560878243512974,
      "test_TWIG_R@50": 0.9920159680638723,
      "test_TWIG_MRR": 0.8151292262760496
    },
    {
      "config": "A35",
      "code": 35,
      "binary": "100011",
      "label": "tt + cc + sc",
      "num_edges": 3,
      "kept_edges": "similar_table, similar_content, shared_column_name",
      "elapsed_min": 21.3,
      "eval_count": 500,
      "QA_R@1": 0.802,
      "QA_R@2": 0.85,
      "QA_R@5": 0.908,
      "QA_R@10": 0.944,
      "QA_R@50": 0.986,
      "QA_MRR": 0.8506271558341747,
      "QA_nDCG@10": 0.871266643077214,
      "TWIG_R@1": 0.806,
      "TWIG_R@2": 0.864,
      "TWIG_R@5": 0.922,
      "TWIG_R@10": 0.95,
      "TWIG_R@50": 0.988,
      "TWIG_MRR": 0.8564952887145872,
      "test_eval_count": 501,
      "test_QA_R@1": 0.8083832335329342,
      "test_QA_R@2": 0.8642714570858283,
      "test_QA_R@5": 0.9321357285429142,
      "test_QA_R@10": 0.9580838323353293,
      "test_QA_R@50": 0.9940119760479041,
      "test_QA_MRR": 0.8618721072720456,
      "test_QA_nDCG@10": 0.883904061035513,
      "test_TWIG_R@1": 0.782435129740519,
      "test_TWIG_R@2": 0.846307385229541,
      "test_TWIG_R@5": 0.9421157684630739,
      "test_TWIG_R@10": 0.9660678642714571,
      "test_TWIG_R@50": 0.9940119760479041,
      "test_TWIG_MRR": 0.8464762188091843
    },
    {
      "config": "A36",
      "code": 36,
      "binary": "100100",
      "label": "tt + sp",
      "num_edges": 2,
      "kept_edges": "similar_table, same_page",
      "elapsed_min": 19.7,
      "eval_count": 500,
      "QA_R@1": 0.838,
      "QA_R@2": 0.894,
      "QA_R@5": 0.932,
      "QA_R@10": 0.958,
      "QA_R@50": 0.992,
      "QA_MRR": 0.8814188196003981,
      "QA_nDCG@10": 0.8986892445964995,
      "TWIG_R@1": 0.822,
      "TWIG_R@2": 0.868,
      "TWIG_R@5": 0.912,
      "TWIG_R@10": 0.954,
      "TWIG_R@50": 0.984,
      "TWIG_MRR": 0.8651469991864514,
      "test_eval_count": 501,
      "test_QA_R@1": 0.8283433133732535,
      "test_QA_R@2": 0.8902195608782435,
      "test_QA_R@5": 0.93812375249501,
      "test_QA_R@10": 0.9720558882235529,
      "test_QA_R@50": 0.9900199600798403,
      "test_QA_MRR": 0.8782325890844284,
      "test_QA_nDCG@10": 0.9001738324102663,
      "test_TWIG_R@1": 0.8283433133732535,
      "test_TWIG_R@2": 0.8822355289421158,
      "test_TWIG_R@5": 0.936127744510978,
      "test_TWIG_R@10": 0.9680638722554891,
      "test_TWIG_R@50": 0.9920159680638723,
      "test_TWIG_MRR": 0.8747458555941994
    },
    {
      "config": "A37",
      "code": 37,
      "binary": "100101",
      "label": "tt + sp + sc",
      "num_edges": 3,
      "kept_edges": "similar_table, same_page, shared_column_name",
      "elapsed_min": 19.9,
      "eval_count": 500,
      "QA_R@1": 0.82,
      "QA_R@2": 0.88,
      "QA_R@5": 0.926,
      "QA_R@10": 0.952,
      "QA_R@50": 0.988,
      "QA_MRR": 0.8678407060730338,
      "QA_nDCG@10": 0.8869343883119818,
      "TWIG_R@1": 0.78,
      "TWIG_R@2": 0.86,
      "TWIG_R@5": 0.912,
      "TWIG_R@10": 0.956,
      "TWIG_R@50": 0.986,
      "TWIG_MRR": 0.841979533150309,
      "test_eval_count": 501,
      "test_QA_R@1": 0.8303393213572854,
      "test_QA_R@2": 0.8802395209580839,
      "test_QA_R@5": 0.936127744510978,
      "test_QA_R@10": 0.9760479041916168,
      "test_QA_R@50": 0.998003992015968,
      "test_QA_MRR": 0.8777208860504035,
      "test_QA_nDCG@10": 0.9002816506927827,
      "test_TWIG_R@1": 0.7684630738522954,
      "test_TWIG_R@2": 0.8423153692614771,
      "test_TWIG_R@5": 0.9261477045908184,
      "test_TWIG_R@10": 0.9640718562874252,
      "test_TWIG_R@50": 0.9920159680638723,
      "test_TWIG_MRR": 0.8352635909130803
    },
    {
      "config": "A38",
      "code": 38,
      "binary": "100110",
      "label": "tt + sp + cc",
      "num_edges": 3,
      "kept_edges": "similar_table, same_page, similar_content",
      "elapsed_min": 14.3,
      "eval_count": 500,
      "QA_R@1": 0.818,
      "QA_R@2": 0.892,
      "QA_R@5": 0.938,
      "QA_R@10": 0.954,
      "QA_R@50": 0.988,
      "QA_MRR": 0.8722990736609643,
      "QA_nDCG@10": 0.8912976534291571,
      "TWIG_R@1": 0.8,
      "TWIG_R@2": 0.866,
      "TWIG_R@5": 0.922,
      "TWIG_R@10": 0.952,
      "TWIG_R@50": 0.988,
      "TWIG_MRR": 0.854937070876794,
      "test_eval_count": 501,
      "test_QA_R@1": 0.8283433133732535,
      "test_QA_R@2": 0.8882235528942116,
      "test_QA_R@5": 0.9461077844311377,
      "test_QA_R@10": 0.9620758483033932,
      "test_QA_R@50": 0.9960079840319361,
      "test_QA_MRR": 0.8797385137193442,
      "test_QA_nDCG@10": 0.898646683824957,
      "test_TWIG_R@1": 0.8163672654690619,
      "test_TWIG_R@2": 0.8882235528942116,
      "test_TWIG_R@5": 0.9481037924151696,
      "test_TWIG_R@10": 0.9680638722554891,
      "test_TWIG_R@50": 0.9960079840319361,