{
  "experiment": "Query-Aware v2 Edge Ablation (A0-A63)",
  "dataset": "mmqa",
  "edge_types": [
    "similar_table",
    "has_column",
    "comes_from",
    "same_page",
    "similar_content",
    "shared_column_name"
  ],
  "edge_abbreviations": [
    "tt",
    "tc",
    "tp",
    "sp",
    "cc",
    "sc"
  ],
  "timestamp": "2026-06-03T19:18:11.467914",
  "twig_hps": {
    "LEARNING_RATE": 0.0005543418807199451,
    "HIDDEN_CHANNELS": 768,
    "DROPOUT": 0.10028905529000982,
    "WEIGHT_DECAY": 0.03217253330215496,
    "SAGE_AGGR": "min",
    "HETERO_AGGR": "max",
    "CLIP_GRAD_NORM": 0.6,
    "TEMP_START": 0.05,
    "TEMP_END": 0.03,
    "SMOOTH_START": 0.12,
    "SMOOTH_END": 0.06,
    "NUM_EPOCHS": 30,
    "WARMUP_EPOCHS": 2,
    "BATCH_SIZE": 128,
    "CHUNK_SIZE": 1024
  },
  "qa_hps": {
    "QUERY_EDGE_MODE": "E4",
    "BASE_LR": 0.0001,
    "QUERY_LR": 0.0005,
    "NUM_EPOCHS": 15,
    "SUBGRAPH_K": 30
  },
  "results": [
    {
      "config": "A44",
      "code": 44,
      "binary": "101100",
      "label": "tt + tp + sp",
      "num_edges": 3,
      "kept_edges": "similar_table, comes_from, same_page",
      "elapsed_min": 5.1,
      "eval_count": 246,
      "QA_R@1": 0.4039295392953927,
      "QA_R@2": 0.4999322493224931,
      "QA_R@5": 0.6267615176151762,
      "QA_R@10": 0.7263550135501353,
      "QA_R@50": 0.9050135501355014,
      "QA_MRR": 0.9060741094710929,
      "QA_nDCG@10": 0.693624954193866,
      "TWIG_R@1": 0.39850948509485074,
      "TWIG_R@2": 0.5128048780487804,
      "TWIG_R@5": 0.6430216802168022,
      "TWIG_R@10": 0.7399051490514902,
      "TWIG_R@50": 0.9048780487804878,
      "TWIG_MRR": 0.9017710057164863,
      "test_eval_count": 248,
      "test_QA_R@1": 0.4078629032258064,
      "test_QA_R@2": 0.5271505376344084,
      "test_QA_R@5": 0.6481182795698924,
      "test_QA_R@10": 0.7442204301075269,
      "test_QA_R@50": 0.9048387096774191,
      "test_QA_MRR": 0.9398027583298798,
      "test_QA_nDCG@10": 0.7223034827389182,
      "test_TWIG_R@1": 0.38702956989247306,
      "test_TWIG_R@2": 0.49758064516129025,
      "test_TWIG_R@5": 0.6380376344086021,
      "test_TWIG_R@10": 0.725739247311828,
      "test_TWIG_R@50": 0.9110215053763442,
      "test_TWIG_MRR": 0.9124550721670637
    },
    {
      "config": "A45",
      "code": 45,
      "binary": "101101",
      "label": "tt + tp + sp + sc",
      "num_edges": 4,
      "kept_edges": "similar_table, comes_from, same_page, shared_column_name",
      "elapsed_min": 7.6,
      "eval_count": 246,
      "QA_R@1": 0.38970189701897,
      "QA_R@2": 0.514159891598916,
      "QA_R@5": 0.6647018970189699,
      "QA_R@10": 0.7846205962059619,
      "QA_R@50": 0.9445121951219512,
      "QA_MRR": 0.8970622015743969,
      "QA_nDCG@10": 0.7201681378217172,
      "TWIG_R@1": 0.37005420054200533,
      "TWIG_R@2": 0.47168021680216804,
      "TWIG_R@5": 0.625948509485095,
      "TWIG_R@10": 0.7314363143631435,
      "TWIG_R@50": 0.9285907859078589,
      "TWIG_MRR": 0.8568163216004823,
      "test_eval_count": 248,
      "test_QA_R@1": 0.39946236559139786,
      "test_QA_R@2": 0.4982526881720428,
      "test_QA_R@5": 0.6665994623655913,
      "test_QA_R@10": 0.7808467741935482,
      "test_QA_R@50": 0.9550403225806453,
      "test_QA_MRR": 0.9225635774022871,
      "test_QA_nDCG@10": 0.730624075289615,
      "test_TWIG_R@1": 0.3520833333333333,
      "test_TWIG_R@2": 0.48111559139784943,
      "test_TWIG_R@5": 0.6592069892473118,
      "test_TWIG_R@10": 0.7641801075268817,
      "test_TWIG_R@50": 0.9446236559139785,
      "test_TWIG_MRR": 0.8619931440318063
    },
    {
      "config": "A46",
      "code": 46,
      "binary": "101110",
      "label": "tt + tp + sp + cc",
      "num_edges": 4,
      "kept_edges": "similar_table, comes_from, same_page, similar_content",
      "elapsed_min": 3.6,
      "eval_count": 246,
      "QA_R@1": 0.38834688346883456,
      "QA_R@2": 0.49247967479674803,
      "QA_R@5": 0.6464092140921408,
      "QA_R@10": 0.7548102981029808,
      "QA_R@50": 0.9052168021680215,
      "QA_MRR": 0.8840285393934096,
      "QA_nDCG@10": 0.6987767173542122,
      "TWIG_R@1": 0.36598915989159886,
      "TWIG_R@2": 0.4767615176151762,
      "TWIG_R@5": 0.6165989159891598,
      "TWIG_R@10": 0.7317750677506774,
      "TWIG_R@50": 0.9045392953929539,
      "TWIG_MRR": 0.8542526518285724,
      "test_eval_count": 248,
      "test_QA_R@1": 0.37627688172043006,
      "test_QA_R@2": 0.5106854838709678,
      "test_QA_R@5": 0.6491263440860212,
      "test_QA_R@10": 0.7469086021505376,
      "test_QA_R@50": 0.9196236559139783,
      "test_QA_MRR": 0.8947881309565102,
      "test_QA_nDCG@10": 0.7059415809229832,
      "test_TWIG_R@1": 0.3655241935483871,
      "test_TWIG_R@2": 0.500268817204301,
      "test_TWIG_R@5": 0.6377016129032256,
      "test_TWIG_R@10": 0.7354838709677418,
      "test_TWIG_R@50": 0.9056451612903226,
      "test_TWIG_MRR": 0.8820039819446841
    },
    {
      "config": "A47",
      "code": 47,
      "binary": "101111",
      "label": "tt + tp + sp + cc + sc",
      "num_edges": 5,
      "kept_edges": "similar_table, comes_from, same_page, similar_content, shared_column_name",
      "elapsed_min": 5.9,
      "eval_count": 246,
      "QA_R@1": 0.3985094850948507,
      "QA_R@2": 0.5168699186991869,
      "QA_R@5": 0.6436991869918701,
      "QA_R@10": 0.749390243902439,
      "QA_R@50": 0.9128048780487805,
      "QA_MRR": 0.9060545653533458,
      "QA_nDCG@10": 0.7061348697360171,
      "TWIG_R@1": 0.38970189701897007,
      "TWIG_R@2": 0.5019647696476964,
      "TWIG_R@5": 0.6260840108401085,
      "TWIG_R@10": 0.7067073170731706,
      "TWIG_R@50": 0.9075880758807587,
      "TWIG_MRR": 0.880116194958942,
      "test_eval_count": 248,
      "test_QA_R@1": 0.3944220430107526,
      "test_QA_R@2": 0.5227822580645161,
      "test_QA_R@5": 0.6588709677419355,
      "test_QA_R@10": 0.7418682795698925,
      "test_QA_R@50": 0.9204301075268816,
      "test_QA_MRR": 0.9235047043010751,
      "test_QA_nDCG@10": 0.7148393185835803,
      "test_TWIG_R@1": 0.37022849462365587,
      "test_TWIG_R@2": 0.5002688172043012,
      "test_TWIG_R@5": 0.6296370967741934,
      "test_TWIG_R@10": 0.7225134408602151,
      "test_TWIG_R@50": 0.9161962365591398,
      "test_TWIG_MRR": 0.8847014008269569
    },
    {
      "config": "A48",
      "code": 48,
      "binary": "110000",
      "label": "tt + tc",
      "num_edges": 2,
      "kept_edges": "similar_table, has_column",
      "elapsed_min": 5.5,
      "eval_count": 246,
      "QA_R@1": 0.4018970189701894,
      "QA_R@2": 0.5263550135501355,
      "QA_R@5": 0.6525067750677509,
      "QA_R@10": 0.7700542005420057,
      "QA_R@50": 0.9343495934959349,
      "QA_MRR": 0.9044643115930776,
      "QA_nDCG@10": 0.7211448525170666,
      "TWIG_R@1": 0.39783197831978306,
      "TWIG_R@2": 0.5310975609756098,
      "TWIG_R@5": 0.6740514905149052,
      "TWIG_R@10": 0.776490514905149,
      "TWIG_R@50": 0.9289295392953929,
      "TWIG_MRR": 0.9010994312823583,
      "test_eval_count": 248,
      "test_QA_R@1": 0.40584677419354837,
      "test_QA_R@2": 0.5305107526881719,
      "test_QA_R@5": 0.687768817204301,
      "test_QA_R@10": 0.7976478494623656,
      "test_QA_R@50": 0.9535618279569891,
      "test_QA_MRR": 0.9321644585253458,
      "test_QA_nDCG@10": 0.7504794574753257,
      "test_TWIG_R@1": 0.3856854838709677,
      "test_TWIG_R@2": 0.5163978494623656,
      "test_TWIG_R@5": 0.6914650537634406,
      "test_TWIG_R@10": 0.7709005376344085,
      "test_TWIG_R@50": 0.9318548387096774,
      "test_TWIG_MRR": 0.907976046131288
    },
    {
      "config": "A49",
      "code": 49,
      "binary": "110001",
      "label": "tt + tc + sc",
      "num_edges": 3,
      "kept_edges": "similar_table, has_column, shared_column_name",
      "elapsed_min": 4.6,
      "eval_count": 246,
      "QA_R@1": 0.3998644986449862,
      "QA_R@2": 0.516192411924119,
      "QA_R@5": 0.6537262872628727,
      "QA_R@10": 0.7504065040650408,