config,code,binary,label,num_edges,kept_edges,QA_R@1,QA_R@5,QA_R@10,QA_MRR,QA_nDCG@10,TWIG_R@1,TWIG_R@5,TWIG_R@10,TWIG_MRR,twig_best_epoch,qa_best_epoch,elapsed_min
A32,32,100000,tt,1,similar_table,0.7540687160940326,0.9584086799276673,0.9837251356238698,0.8412664322168627,0.875749309110123,0.6148282097649186,0.9168173598553345,0.9710669077757685,0.7456196748031558,,,147.7
A35,35,100011,tt + cc + sc,3,"similar_table, similar_content, shared_column_name",0.7613019891500904,0.9656419529837251,0.9855334538878843,0.8485556612364928,0.881899955652984,0.6600361663652803,0.9385171790235082,0.9783001808318263,0.7825880242043272,,,136.8
