{
  "experiment": "Query-Aware v2 Edge Ablation (A0-A63)",
  "dataset": "ottqa",
  "edge_types": [
    "similar_table",
    "has_column",
    "comes_from",
    "same_page",
    "similar_content",
    "shared_column_name"
  ],
  "edge_abbreviations": [
    "tt",
    "tc",
    "tp",
    "sp",
    "cc",
    "sc"
  ],
  "timestamp": "2026-06-04T07:15:26.672064",
  "twig_hps": {
    "LEARNING_RATE": 0.0005543418807199451,
    "HIDDEN_CHANNELS": 768,
    "DROPOUT": 0.10028905529000982,
    "WEIGHT_DECAY": 0.03217253330215496,
    "SAGE_AGGR": "min",
    "HETERO_AGGR": "max",
    "CLIP_GRAD_NORM": 0.6,
    "TEMP_START": 0.05,
    "TEMP_END": 0.03,
    "SMOOTH_START": 0.12,
    "SMOOTH_END": 0.06,
    "NUM_EPOCHS": 30,
    "WARMUP_EPOCHS": 2,
    "BATCH_SIZE": 128,
    "CHUNK_SIZE": 1024
  },
  "qa_hps": {
    "QUERY_EDGE_MODE": "E4",
    "BASE_LR": 0.0001,
    "QUERY_LR": 0.0005,
    "NUM_EPOCHS": 15,
    "SUBGRAPH_K": 30
  },
  "results": [
    {
      "config": "A32",
      "code": 32,
      "binary": "100000",
      "label": "tt",
      "num_edges": 1,
      "kept_edges": "similar_table",
      "elapsed_min": 147.7,
      "eval_count": 553,
      "QA_R@1": 0.7540687160940326,
      "QA_R@2": 0.8679927667269439,
      "QA_R@5": 0.9584086799276673,
      "QA_R@10": 0.9837251356238698,
      "QA_R@50": 0.9981916817359855,
      "QA_MRR": 0.8412664322168627,
      "QA_nDCG@10": 0.875749309110123,
      "TWIG_R@1": 0.6148282097649186,
      "TWIG_R@2": 0.7775768535262206,
      "TWIG_R@5": 0.9168173598553345,
      "TWIG_R@10": 0.9710669077757685,
      "TWIG_R@50": 0.9981916817359855,
      "TWIG_MRR": 0.7456196748031558,
      "test_eval_count": 554,
      "test_QA_R@1": 0.779783393501805,
      "test_QA_R@2": 0.8700361010830325,
      "test_QA_R@5": 0.9350180505415162,
      "test_QA_R@10": 0.9602888086642599,
      "test_QA_R@50": 0.9963898916967509,
      "test_QA_MRR": 0.8502172403539638,
      "test_QA_nDCG@10": 0.8758027061879934,
      "test_TWIG_R@1": 0.6516245487364621,
      "test_TWIG_R@2": 0.7833935018050542,
      "test_TWIG_R@5": 0.9097472924187726,
      "test_TWIG_R@10": 0.9566787003610109,
      "test_TWIG_R@50": 0.9963898916967509,
      "test_TWIG_MRR": 0.7633534927453484
    },
    {
      "config": "A35",
      "code": 35,
      "binary": "100011",
      "label": "tt + cc + sc",
      "num_edges": 3,
      "kept_edges": "similar_table, similar_content, shared_column_name",
      "elapsed_min": 136.8,
      "eval_count": 553,
      "QA_R@1": 0.7613019891500904,
      "QA_R@2": 0.8806509945750453,
      "QA_R@5": 0.9656419529837251,
      "QA_R@10": 0.9855334538878843,
      "QA_R@50": 1.0,
      "QA_MRR": 0.8485556612364928,
      "QA_nDCG@10": 0.881899955652984,
      "TWIG_R@1": 0.6600361663652803,
      "TWIG_R@2": 0.8245931283905967,
      "TWIG_R@5": 0.9385171790235082,
      "TWIG_R@10": 0.9783001808318263,
      "TWIG_R@50": 1.0,
      "TWIG_MRR": 0.7825880242043272,
      "test_eval_count": 554,
      "test_QA_R@1": 0.7906137184115524,
      "test_QA_R@2": 0.8898916967509025,
      "test_QA_R@5": 0.9530685920577617,
      "test_QA_R@10": 0.98014440433213,
      "test_QA_R@50": 1.0,
      "test_QA_MRR": 0.8627456852871641,
      "test_QA_nDCG@10": 0.8907042637296585,
      "test_TWIG_R@1": 0.6407942238267148,
      "test_TWIG_R@2": 0.7996389891696751,
      "test_TWIG_R@5": 0.9097472924187726,
      "test_TWIG_R@10": 0.9548736462093863,
      "test_TWIG_R@50": 1.0,
      "test_TWIG_MRR": 0.7598567899641356
    }
  ]
}