{
  "experiment": "Query-Aware v2 Edge Ablation (A0-A63)",
  "dataset": "mmqa",
  "edge_types": [
    "similar_table",
    "has_column",
    "comes_from",
    "same_page",
    "similar_content",
    "shared_column_name"
  ],
  "edge_abbreviations": [
    "tt",
    "tc",
    "tp",
    "sp",
    "cc",
    "sc"
  ],
  "timestamp": "2026-06-03T19:50:21.139488",
  "twig_hps": {
    "LEARNING_RATE": 0.0005543418807199451,
    "HIDDEN_CHANNELS": 768,
    "DROPOUT": 0.10028905529000982,
    "WEIGHT_DECAY": 0.03217253330215496,
    "SAGE_AGGR": "min",
    "HETERO_AGGR": "max",
    "CLIP_GRAD_NORM": 0.6,
    "TEMP_START": 0.05,
    "TEMP_END": 0.03,
    "SMOOTH_START": 0.12,
    "SMOOTH_END": 0.06,
    "NUM_EPOCHS": 30,
    "WARMUP_EPOCHS": 2,
    "BATCH_SIZE": 128,
    "CHUNK_SIZE": 1024
  },
  "qa_hps": {
    "QUERY_EDGE_MODE": "E4",
    "BASE_LR": 0.0001,
    "QUERY_LR": 0.0005,
    "NUM_EPOCHS": 15,
    "SUBGRAPH_K": 30
  },
  "results": [
    {
      "config": "A22",
      "code": 22,
      "binary": "010110",
      "label": "tc + sp + cc",
      "num_edges": 3,
      "kept_edges": "has_column, same_page, similar_content",
      "elapsed_min": 4.0,
      "eval_count": 246,
      "QA_R@1": 0.397831978319783,
      "QA_R@2": 0.5222899728997289,
      "QA_R@5": 0.6768970189701895,
      "QA_R@10": 0.7554878048780488,
      "QA_R@50": 0.9218157181571814,
      "QA_MRR": 0.8959405431966407,
      "QA_nDCG@10": 0.7181207098154176,
      "TWIG_R@1": 0.3903794037940378,
      "TWIG_R@2": 0.5216124661246613,
      "TWIG_R@5": 0.6724932249322492,
      "TWIG_R@10": 0.7856368563685635,
      "TWIG_R@50": 0.9238482384823847,
      "TWIG_MRR": 0.8879742345154457,
      "test_eval_count": 248,
      "test_QA_R@1": 0.39173387096774187,
      "test_QA_R@2": 0.5241263440860213,
      "test_QA_R@5": 0.6665994623655914,
      "test_QA_R@10": 0.7647177419354838,
      "test_QA_R@50": 0.9362231182795698,
      "test_QA_MRR": 0.919013697695067,
      "test_QA_nDCG@10": 0.7280327276892343,
      "test_TWIG_R@1": 0.38098118279569887,
      "test_TWIG_R@2": 0.530510752688172,
      "test_TWIG_R@5": 0.660013440860215,
      "test_TWIG_R@10": 0.7823252688172042,
      "test_TWIG_R@50": 0.9356854838709678,
      "test_TWIG_MRR": 0.9025000729010716
    },
    {
      "config": "A23",
      "code": 23,
      "binary": "010111",
      "label": "tc + sp + cc + sc",
      "num_edges": 4,
      "kept_edges": "has_column, same_page, similar_content, shared_column_name",
      "elapsed_min": 7.3,
      "eval_count": 246,
      "QA_R@1": 0.4079945799457992,
      "QA_R@2": 0.511991869918699,
      "QA_R@5": 0.6452574525745258,
      "QA_R@10": 0.757520325203252,
      "QA_R@50": 0.9243224932249322,
      "QA_MRR": 0.9148907776956556,
      "QA_nDCG@10": 0.7124985449015531,
      "TWIG_R@1": 0.403252032520325,
      "TWIG_R@2": 0.5243224932249322,
      "TWIG_R@5": 0.6592818428184279,
      "TWIG_R@10": 0.7500677506775068,
      "TWIG_R@50": 0.9130081300813008,
      "TWIG_MRR": 0.9005675670309814,
      "test_eval_count": 248,
      "test_QA_R@1": 0.39811827956989243,
      "test_QA_R@2": 0.5160618279569891,
      "test_QA_R@5": 0.6971774193548386,
      "test_QA_R@10": 0.7724462365591395,
      "test_QA_R@50": 0.9323252688172042,
      "test_QA_MRR": 0.9259968338508424,
      "test_QA_nDCG@10": 0.734092365146323,
      "test_TWIG_R@1": 0.3809811827956988,
      "test_TWIG_R@2": 0.5113575268817203,
      "test_TWIG_R@5": 0.6575268817204302,
      "test_TWIG_R@10": 0.7627016129032258,
      "test_TWIG_R@50": 0.9290994623655915,
      "test_TWIG_MRR": 0.9046894180567585
    },
    {
      "config": "A24",
      "code": 24,
      "binary": "011000",
      "label": "tc + tp",
      "num_edges": 2,
      "kept_edges": "has_column, comes_from",
      "elapsed_min": 5.6,
      "eval_count": 246,
      "QA_R@1": 0.4086720867208669,
      "QA_R@2": 0.5236449864498643,
      "QA_R@5": 0.6718157181571814,
      "QA_R@10": 0.7795392953929539,
      "QA_R@50": 0.9333333333333332,
      "QA_MRR": 0.9154317146912966,
      "QA_nDCG@10": 0.7296912569289556,
      "TWIG_R@1": 0.3985094850948508,
      "TWIG_R@2": 0.48794037940379403,
      "TWIG_R@5": 0.6455962059620597,
      "TWIG_R@10": 0.7436314363143631,
      "TWIG_R@50": 0.9160569105691057,
      "TWIG_MRR": 0.8938361773727628,
      "test_eval_count": 248,
      "test_QA_R@1": 0.4011424731182795,
      "test_QA_R@2": 0.5133736559139783,
      "test_QA_R@5": 0.6897849462365593,
      "test_QA_R@10": 0.7926075268817203,
      "test_QA_R@50": 0.9465725806451613,
      "test_QA_MRR": 0.9304877617430675,
      "test_QA_nDCG@10": 0.7417957269522429,
      "test_TWIG_R@1": 0.37224462365591393,
      "test_TWIG_R@2": 0.4985887096774195,
      "test_TWIG_R@5": 0.6333333333333333,
      "test_TWIG_R@10": 0.7620295698924731,
      "test_TWIG_R@50": 0.9314516129032261,
      "test_TWIG_MRR": 0.8885783459372169
    },
    {
      "config": "A25",
      "code": 25,
      "binary": "011001",
      "label": "tc + tp + sc",
      "num_edges": 3,
      "kept_edges": "has_column, comes_from, shared_column_name",
      "elapsed_min": 5.1,
      "eval_count": 246,
      "QA_R@1": 0.39986449864498624,
      "QA_R@2": 0.5338075880758806,
      "QA_R@5": 0.7148373983739836,
      "QA_R@10": 0.8012195121951221,
      "QA_R@50": 0.9340108401084011,
      "QA_MRR": 0.9006020239685194,
      "QA_nDCG@10": 0.7444441475507054,
      "TWIG_R@1": 0.39037940379403774,
      "TWIG_R@2": 0.5168699186991869,
      "TWIG_R@5": 0.6365853658536585,
      "TWIG_R@10": 0.7639566395663957,
      "TWIG_R@50": 0.9224932249322492,
      "TWIG_MRR": 0.8890296857162042,
      "test_eval_count": 248,
      "test_QA_R@1": 0.4004704301075268,
      "test_QA_R@2": 0.5402553763440857,
      "test_QA_R@5": 0.705241935483871,
      "test_QA_R@10": 0.8127688172043009,
      "test_QA_R@50": 0.9475134408602149,
      "test_QA_MRR": 0.9354435483870968,
      "test_QA_nDCG@10": 0.7600214744836343,
      "test_TWIG_R@1": 0.37224462365591393,
      "test_TWIG_R@2": 0.511021505376344,
      "test_TWIG_R@5": 0.6511424731182796,
      "test_TWIG_R@10": 0.7573252688172045,
      "test_TWIG_R@50": 0.9336693548387097,
      "test_TWIG_MRR": 0.893163938962682
    },
    {
      "config": "A26",
      "code": 26,
      "binary": "011010",
      "label": "tc + tp + cc",
      "num_edges": 3,
      "kept_edges": "has_column, comes_from, similar_content",
      "elapsed_min": 7.1,
      "eval_count": 246,
      "QA_R@1": 0.39850948509485074,
      "QA_R@2": 0.5158536585365852,
      "QA_R@5": 0.6623306233062329,
      "QA_R@10": 0.7500677506775065,
      "QA_R@50": 0.9617886178861788,
      "QA_MRR": 0.901289022630486,
      "QA_nDCG@10": 0.7114306214018344,
      "TWIG_R@1": 0.4018970189701894,
      "TWIG_R@2": 0.5192411924119241,
      "TWIG_R@5": 0.6741869918699186,
      "TWIG_R@10": 0.7781842818428184,
      "TWIG_R@50": 0.9394308943089431,
      "TWIG_MRR": 0.9006879177296173,
      "test_eval_count": 248,
      "test_QA_R@1": 0.39610215053763437,
      "test_QA_R@2": 0.5308467741935483,
      "test_QA_R@5": 0.6823924731182794,
      "test_QA_R@10": 0.7979838709677418,
      "test_QA_R@50": 0.9551075268817206,
      "test_QA_MRR": 0.9237337723550959,
      "test_QA_nDCG@10": 0.7464863635975645,
      "test_TWIG_R@1": 0.3756048387096774,
      "test_TWIG_R@2": 0.509005376344086,
      "test_TWIG_R@5": 0.7106182795698923,
      "test_TWIG_R@10": 0.807728494623656,
      "test_TWIG_R@50": 0.9627016129032258,
      "test_TWIG_MRR": 0.8948685173963541
    },
    {
      "config": "A27",
      "code": 27,
      "binary": "011011",
      "label": "tc + tp + cc + sc",
      "num_edges": 4,
      "kept_edges": "has_column, comes_from, similar_content, shared_column_name",
      "elapsed_min": 5.2,
      "eval_count": 246,
      "QA_R@1": 0.3971544715447153,
      "QA_R@2": 0.5263550135501355,
      "QA_R@5": 0.6809620596205963,
      "QA_R@10": 0.7761517615176152,
      "QA_R@50": 0.9506097560975609,