{
  "experiment": "Query-Aware v2 Edge Ablation (A0-A63)",
  "dataset": "ottqa",
  "edge_types": [
    "similar_table",
    "has_column",
    "comes_from",
    "same_page",
    "similar_content",
    "shared_column_name"
  ],
  "edge_abbreviations": [
    "tt",
    "tc",
    "tp",
    "sp",
    "cc",
    "sc"
  ],
  "timestamp": "2026-06-04T12:23:50.101121",
  "twig_hps": {
    "LEARNING_RATE": 0.0005543418807199451,
    "HIDDEN_CHANNELS": 768,
    "DROPOUT": 0.10028905529000982,
    "WEIGHT_DECAY": 0.03217253330215496,
    "SAGE_AGGR": "min",
    "HETERO_AGGR": "max",
    "CLIP_GRAD_NORM": 0.6,
    "TEMP_START": 0.05,
    "TEMP_END": 0.03,
    "SMOOTH_START": 0.12,
    "SMOOTH_END": 0.06,
    "NUM_EPOCHS": 30,
    "WARMUP_EPOCHS": 2,
    "BATCH_SIZE": 128,
    "CHUNK_SIZE": 1024
  },
  "qa_hps": {
    "QUERY_EDGE_MODE": "E4",
    "BASE_LR": 0.0001,
    "QUERY_LR": 0.0005,
    "NUM_EPOCHS": 15,
    "SUBGRAPH_K": 30
  },
  "results": [
    {
      "config": "A52",
      "code": 52,
      "binary": "110100",
      "label": "tt + tc + sp",
      "num_edges": 3,
      "kept_edges": "similar_table, has_column, same_page",
      "elapsed_min": 237.5,
      "eval_count": 553,
      "QA_R@1": 0.8318264014466547,
      "QA_R@2": 0.9240506329113924,
      "QA_R@5": 0.9855334538878843,
      "QA_R@10": 0.9963833634719711,
      "QA_R@50": 0.9981916817359855,
      "QA_MRR": 0.8985476046958867,
      "QA_nDCG@10": 0.9231042992508036,
      "TWIG_R@1": 0.7884267631103075,
      "TWIG_R@2": 0.8933092224231465,
      "TWIG_R@5": 0.9710669077757685,
      "TWIG_R@10": 0.9927667269439421,
      "TWIG_R@50": 0.9981916817359855,
      "TWIG_MRR": 0.8676672356706394,
      "test_eval_count": 554,
      "test_QA_R@1": 0.8736462093862816,
      "test_QA_R@2": 0.9205776173285198,
      "test_QA_R@5": 0.9693140794223827,
      "test_QA_R@10": 0.9819494584837545,
      "test_QA_R@50": 0.9981949458483754,
      "test_QA_MRR": 0.9141379378743998,
      "test_QA_nDCG@10": 0.9301970748840137,
      "test_TWIG_R@1": 0.7888086642599278,
      "test_TWIG_R@2": 0.8880866425992779,
      "test_TWIG_R@5": 0.9657039711191335,
      "test_TWIG_R@10": 0.9783393501805054,
      "test_TWIG_R@50": 0.9981949458483754,
      "test_TWIG_MRR": 0.8630496366821112
    },
    {
      "config": "A53",
      "code": 53,
      "binary": "110101",
      "label": "tt + tc + sp + sc",
      "num_edges": 4,
      "kept_edges": "similar_table, has_column, same_page, shared_column_name",
      "elapsed_min": 198.2,
      "eval_count": 553,
      "QA_R@1": 0.8245931283905967,
      "QA_R@2": 0.9113924050632911,
      "QA_R@5": 0.976491862567812,
      "QA_R@10": 0.9927667269439421,
      "QA_R@50": 0.9981916817359855,
      "QA_MRR": 0.8904789504247004,
      "QA_nDCG@10": 0.9156835864034245,
      "TWIG_R@1": 0.7631103074141049,
      "TWIG_R@2": 0.8860759493670886,
      "TWIG_R@5": 0.9566003616636528,
      "TWIG_R@10": 0.9837251356238698,
      "TWIG_R@50": 1.0,
      "TWIG_MRR": 0.8493708987694362,
      "test_eval_count": 554,
      "test_QA_R@1": 0.8303249097472925,
      "test_QA_R@2": 0.9151624548736462,
      "test_QA_R@5": 0.9602888086642599,
      "test_QA_R@10": 0.9765342960288809,
      "test_QA_R@50": 1.0,
      "test_QA_MRR": 0.8887654005140465,
      "test_QA_nDCG@10": 0.9095560592978986,
      "test_TWIG_R@1": 0.759927797833935,
      "test_TWIG_R@2": 0.8754512635379061,
      "test_TWIG_R@5": 0.9476534296028881,
      "test_TWIG_R@10": 0.98014440433213,
      "test_TWIG_R@50": 0.9981949458483754,
      "test_TWIG_MRR": 0.8434206251736509
    },
    {
      "config": "A56",
      "code": 56,
      "binary": "111000",
      "label": "tt + tc + tp",
      "num_edges": 3,
      "kept_edges": "similar_table, has_column, comes_from",
      "elapsed_min": 171.6,
      "eval_count": 553,
      "QA_R@1": 0.8571428571428571,
      "QA_R@2": 0.9349005424954792,
      "QA_R@5": 0.9837251356238698,
      "QA_R@10": 0.9945750452079566,
      "QA_R@50": 1.0,
      "QA_MRR": 0.9117868167596919,
      "QA_nDCG@10": 0.932218358464439,
      "TWIG_R@1": 0.8227848101265823,
      "TWIG_R@2": 0.918625678119349,
      "TWIG_R@5": 0.9674502712477396,
      "TWIG_R@10": 0.9891500904159132,
      "TWIG_R@50": 1.0,
      "TWIG_MRR": 0.8889199391459788,
      "test_eval_count": 554,
      "test_QA_R@1": 0.8700361010830325,
      "test_QA_R@2": 0.9350180505415162,
      "test_QA_R@5": 0.9747292418772563,
      "test_QA_R@10": 0.9909747292418772,
      "test_QA_R@50": 0.9981949458483754,
      "test_QA_MRR": 0.916970692116689,
      "test_QA_nDCG@10": 0.9350340108366304,
      "test_TWIG_R@1": 0.855595667870036,
      "test_TWIG_R@2": 0.9133574007220217,
      "test_TWIG_R@5": 0.9711191335740073,
      "test_TWIG_R@10": 0.983754512635379,
      "test_TWIG_R@50": 0.9981949458483754,
      "test_TWIG_MRR": 0.9031876266533301
    }
  ]
}