config,code,binary,label,num_edges,kept_edges,QA_R@1,QA_R@5,QA_R@10,QA_MRR,QA_nDCG@10,TWIG_R@1,TWIG_R@5,TWIG_R@10,TWIG_MRR,twig_best_epoch,qa_best_epoch,elapsed_min
A52,52,110100,tt + tc + sp,3,"similar_table, has_column, same_page",0.8318264014466547,0.9855334538878843,0.9963833634719711,0.8985476046958867,0.9231042992508036,0.7884267631103075,0.9710669077757685,0.9927667269439421,0.8676672356706394,,,237.5
A53,53,110101,tt + tc + sp + sc,4,"similar_table, has_column, same_page, shared_column_name",0.8245931283905967,0.976491862567812,0.9927667269439421,0.8904789504247004,0.9156835864034245,0.7631103074141049,0.9566003616636528,0.9837251356238698,0.8493708987694362,,,198.2
A56,56,111000,tt + tc + tp,3,"similar_table, has_column, comes_from",0.8571428571428571,0.9837251356238698,0.9945750452079566,0.9117868167596919,0.932218358464439,0.8227848101265823,0.9674502712477396,0.9891500904159132,0.8889199391459788,,,171.6
