{
  "experiment": "Query-Aware v2 Edge Ablation (A0-A63)",
  "dataset": "e2ewtq",
  "edge_types": [
    "similar_table",
    "has_column",
    "comes_from",
    "same_page",
    "similar_content",
    "shared_column_name"
  ],
  "edge_abbreviations": [
    "tt",
    "tc",
    "tp",
    "sp",
    "cc",
    "sc"
  ],
  "timestamp": "2026-03-23T04:01:01.456371",
  "twig_hps": {
    "LEARNING_RATE": 0.0005543418807199451,
    "HIDDEN_CHANNELS": 768,
    "DROPOUT": 0.10028905529000982,
    "WEIGHT_DECAY": 0.03217253330215496,
    "SAGE_AGGR": "min",
    "HETERO_AGGR": "max",
    "CLIP_GRAD_NORM": 0.6,
    "TEMP_START": 0.05,
    "TEMP_END": 0.03,
    "SMOOTH_START": 0.12,
    "SMOOTH_END": 0.06,
    "NUM_EPOCHS": 30,
    "WARMUP_EPOCHS": 2,
    "BATCH_SIZE": 128,
    "CHUNK_SIZE": 1024
  },
  "qa_hps": {
    "QUERY_EDGE_MODE": "E4",
    "BASE_LR": 0.0001,
    "QUERY_LR": 0.0005,
    "NUM_EPOCHS": 15,
    "SUBGRAPH_K": 30
  },
  "results": [
    {
      "config": "A0",
      "code": 0,
      "binary": "000000",
      "label": "No edges",
      "num_edges": 0,
      "kept_edges": "none",
      "elapsed_min": 3.1,
      "eval_count": 61,
      "QA_R@1": 0.21311475409836064,
      "QA_R@5": 0.5573770491803278,
      "QA_R@10": 0.7540983606557377,
      "QA_MRR": 0.3684361176164455,
      "QA_nDCG@10": 0.459913249500257,
      "TWIG_R@1": 0.04918032786885246,
      "TWIG_R@5": 0.11475409836065574,
      "TWIG_R@10": 0.22950819672131148,
      "TWIG_MRR": 0.09049570647931306
    },
    {
      "config": "A1",
      "code": 1,
      "binary": "000001",
      "label": "sc",
      "num_edges": 1,
      "kept_edges": "shared_column_name",
      "elapsed_min": 1.8,
      "eval_count": 61,
      "QA_R@1": 0.3770491803278688,
      "QA_R@5": 0.7540983606557377,
      "QA_R@10": 0.8688524590163934,
      "QA_MRR": 0.5311865729898515,
      "QA_nDCG@10": 0.6121846223781947,
      "TWIG_R@1": 0.01639344262295082,
      "TWIG_R@5": 0.13114754098360656,
      "TWIG_R@10": 0.2459016393442623,
      "TWIG_MRR": 0.06074681238615665
    },
    {
      "config": "A2",
      "code": 2,
      "binary": "000010",
      "label": "cc",
      "num_edges": 1,
      "kept_edges": "similar_content",
      "elapsed_min": 2.2,
      "eval_count": 61,
      "QA_R@1": 0.4098360655737705,
      "QA_R@5": 0.7213114754098361,
      "QA_R@10": 0.8524590163934426,
      "QA_MRR": 0.5481524850377308,
      "QA_nDCG@10": 0.6208076003635997,
      "TWIG_R@1": 0.0,
      "TWIG_R@5": 0.06557377049180328,
      "TWIG_R@10": 0.16393442622950818,
      "TWIG_MRR": 0.03599401509237575
    },
    {
      "config": "A3",
      "code": 3,
      "binary": "000011",
      "label": "cc + sc",
      "num_edges": 2,
      "kept_edges": "similar_content, shared_column_name",
      "elapsed_min": 1.6,
      "eval_count": 61,
      "QA_R@1": 0.4262295081967213,
      "QA_R@5": 0.7049180327868853,
      "QA_R@10": 0.819672131147541,
      "QA_MRR": 0.5475539942753056,
      "QA_nDCG@10": 0.6124673003608984,
      "TWIG_R@1": 0.04918032786885246,
      "TWIG_R@5": 0.08196721311475409,
      "TWIG_R@10": 0.19672131147540983,
      "TWIG_MRR": 0.06960057246942494
    },
    {
      "config": "A8",
      "code": 8,
      "binary": "001000",
      "label": "tp",
      "num_edges": 1,
      "kept_edges": "comes_from",
      "elapsed_min": 2.1,
      "eval_count": 61,
      "QA_R@1": 0.4262295081967213,
      "QA_R@5": 0.7213114754098361,
      "QA_R@10": 0.9016393442622951,
      "QA_MRR": 0.5631798074421026,
      "QA_nDCG@10": 0.6427222089971711,
      "TWIG_R@1": 0.0,
      "TWIG_R@5": 0.22950819672131148,
      "TWIG_R@10": 0.4098360655737705,
      "TWIG_MRR": 0.0989721571688785
    },
    {
      "config": "A9",
      "code": 9,
      "binary": "001001",
      "label": "tp + sc",
      "num_edges": 2,
      "kept_edges": "comes_from, shared_column_name",
      "elapsed_min": 2.1,
      "eval_count": 61,
      "QA_R@1": 0.4426229508196721,
      "QA_R@5": 0.7049180327868853,
      "QA_R@10": 0.8688524590163934,
      "QA_MRR": 0.5748113453031486,
      "QA_nDCG@10": 0.645082947668943,
      "TWIG_R@1": 0.22950819672131148,
      "TWIG_R@5": 0.4918032786885246,
      "TWIG_R@10": 0.7540983606557377,
      "TWIG_MRR": 0.3663088732760863
    },
    {
      "config": "A10",
      "code": 10,
      "binary": "001010",
      "label": "tp + cc",
      "num_edges": 2,
      "kept_edges": "comes_from, similar_content",
      "elapsed_min": 1.8,
      "eval_count": 61,
      "QA_R@1": 0.29508196721311475,
      "QA_R@5": 0.6229508196721312,
      "QA_R@10": 0.7868852459016393,
      "QA_MRR": 0.4188459536820192,
      "QA_nDCG@10": 0.5053200988321264,
      "TWIG_R@1": 0.06557377049180328,
      "TWIG_R@5": 0.22950819672131148,
      "TWIG_R@10": 0.3770491803278688,
      "TWIG_MRR": 0.13590294041113712
    },
    {
      "config": "A11",
      "code": 11,
      "binary": "001011",
      "label": "tp + cc + sc",
      "num_edges": 3,
      "kept_edges": "comes_from, similar_content, shared_column_name",
      "elapsed_min": 1.9,
      "eval_count": 61,
      "QA_R@1": 0.26229508196721313,
      "QA_R@5": 0.6721311475409836,
      "QA_R@10": 0.8524590163934426,
      "QA_MRR": 0.4462594327348425,
      "QA_nDCG@10": 0.5436627694491395,
      "TWIG_R@1": 0.19672131147540983,
      "TWIG_R@5": 0.5081967213114754,
      "TWIG_R@10": 0.6065573770491803,
      "TWIG_MRR": 0.3147736143637783
    },
    {
      "config": "A16",
      "code": 16,
      "binary": "010000",
      "label": "tc",
      "num_edges": 1,
      "kept_edges": "has_column",
      "elapsed_min": 1.6,
      "eval_count": 61,
      "QA_R@1": 0.3770491803278688,
      "QA_R@5": 0.7540983606557377,
      "QA_R@10": 0.8852459016393442,
      "QA_MRR": 0.5285454072339318,
      "QA_nDCG@10": 0.6133625225630068,
      "TWIG_R@1": 0.08196721311475409,
      "TWIG_R@5": 0.4098360655737705,
      "TWIG_R@10": 0.4918032786885246,
      "TWIG_MRR": 0.19393702836325785
    },
    {
      "config": "A17",
      "code": 17,
      "binary": "010001",
      "label": "tc + sc",
      "num_edges": 2,
      "kept_edges": "has_column, shared_column_name",
      "elapsed_min": 1.5,
      "eval_count": 61,
      "QA_R@1": 0.39344262295081966,
      "QA_R@5": 0.8032786885245902,
      "QA_R@10": 0.9180327868852459,
      "QA_MRR": 0.5586911267239136,
      "QA_nDCG@10": 0.6453271491143723,
      "TWIG_R@1": 0.22950819672131148,
      "TWIG_R@5": 0.6065573770491803,
      "TWIG_R@10": 0.819672131147541,
      "TWIG_MRR": 0.39272703616965904
    },
    {
      "config": "A18",
      "code": 18,
      "binary": "010010",
      "label": "tc + cc",
      "num_edges": 2,
      "kept_edges": "has_column, similar_content",
      "elapsed_min": 2.8,
      "eval_count": 61,
      "QA_R@1": 0.39344262295081966,
      "QA_R@5": 0.7377049180327869,
      "QA_R@10": 0.8524590163934426,
      "QA_MRR": 0.5350767629456153,
      "QA_nDCG@10": 0.6111347001760999,
      "TWIG_R@1": 0.08196721311475409,
      "TWIG_R@5": 0.45901639344262296,
      "TWIG_R@10": 0.5737704918032787,
      "TWIG_MRR": 0.23471896955503513
    },
    {
      "config": "A19",
      "code": 19,
      "binary": "010011",
      "label": "tc + cc + sc",
      "num_edges": 3,
      "kept_edges": "has_column, similar_content, shared_column_name",
      "elapsed_min": 2.5,
      "eval_count": 61,
      "QA_R@1": 0.3770491803278688,
      "QA_R@5": 0.7704918032786885,
      "QA_R@10": 0.9180327868852459,
      "QA_MRR": 0.5581056466302369,
      "QA_nDCG@10": 0.644814262114639,
      "TWIG_R@1": 0.2459016393442623,
      "TWIG_R@5": 0.6721311475409836,
      "TWIG_R@10": 0.7868852459016393,
      "TWIG_MRR": 0.4126528753577933
    },
    {
      "config": "A24",
      "code": 24,
      "binary": "011000",
      "label": "tc + tp",
      "num_edges": 2,
      "kept_edges": "has_column, comes_from",
      "elapsed_min": 1.9,
      "eval_count": 61,
      "QA_R@1": 0.32786885245901637,
      "QA_R@5": 0.7049180327868853,