config,code,binary,label,num_edges,kept_edges,QA_R@1,QA_R@5,QA_R@10,QA_MRR,QA_nDCG@10,TWIG_R@1,TWIG_R@5,TWIG_R@10,TWIG_MRR,twig_best_epoch,qa_best_epoch,elapsed_min
A40,40,101000,tt + tp,2,"similar_table, comes_from",0.8426763110307414,0.9746835443037974,0.9909584086799277,0.9024341842605855,0.92415212579854,0.8083182640144665,0.9710669077757685,0.9891500904159132,0.8803418417818341,,,107.5
A42,42,101010,tt + tp + cc,3,"similar_table, comes_from, similar_content",0.8426763110307414,0.9783001808318263,0.9891500904159132,0.9031894185782064,0.924294397308163,0.8209764918625678,0.9783001808318263,0.9927667269439421,0.8879660725049512,,,122.6
