{
  "experiment": "Query-Aware v2 Edge Ablation (A0-A63)",
  "dataset": "ottqa",
  "edge_types": [
    "similar_table",
    "has_column",
    "comes_from",
    "same_page",
    "similar_content",
    "shared_column_name"
  ],
  "edge_abbreviations": [
    "tt",
    "tc",
    "tp",
    "sp",
    "cc",
    "sc"
  ],
  "timestamp": "2026-06-04T06:19:28.541354",
  "twig_hps": {
    "LEARNING_RATE": 0.0005543418807199451,
    "HIDDEN_CHANNELS": 768,
    "DROPOUT": 0.10028905529000982,
    "WEIGHT_DECAY": 0.03217253330215496,
    "SAGE_AGGR": "min",
    "HETERO_AGGR": "max",
    "CLIP_GRAD_NORM": 0.6,
    "TEMP_START": 0.05,
    "TEMP_END": 0.03,
    "SMOOTH_START": 0.12,
    "SMOOTH_END": 0.06,
    "NUM_EPOCHS": 30,
    "WARMUP_EPOCHS": 2,
    "BATCH_SIZE": 128,
    "CHUNK_SIZE": 1024
  },
  "qa_hps": {
    "QUERY_EDGE_MODE": "E4",
    "BASE_LR": 0.0001,
    "QUERY_LR": 0.0005,
    "NUM_EPOCHS": 15,
    "SUBGRAPH_K": 30
  },
  "results": [
    {
      "config": "A40",
      "code": 40,
      "binary": "101000",
      "label": "tt + tp",
      "num_edges": 2,
      "kept_edges": "similar_table, comes_from",
      "elapsed_min": 107.5,
      "eval_count": 553,
      "QA_R@1": 0.8426763110307414,
      "QA_R@2": 0.9276672694394213,
      "QA_R@5": 0.9746835443037974,
      "QA_R@10": 0.9909584086799277,
      "QA_R@50": 0.9981916817359855,
      "QA_MRR": 0.9024341842605855,
      "QA_nDCG@10": 0.92415212579854,
      "TWIG_R@1": 0.8083182640144665,
      "TWIG_R@2": 0.9150090415913201,
      "TWIG_R@5": 0.9710669077757685,
      "TWIG_R@10": 0.9891500904159132,
      "TWIG_R@50": 1.0,
      "TWIG_MRR": 0.8803418417818341,
      "test_eval_count": 554,
      "test_QA_R@1": 0.868231046931408,
      "test_QA_R@2": 0.9187725631768953,
      "test_QA_R@5": 0.9675090252707581,
      "test_QA_R@10": 0.98014440433213,
      "test_QA_R@50": 1.0,
      "test_QA_MRR": 0.9095888329981289,
      "test_QA_nDCG@10": 0.9258831563436661,
      "test_TWIG_R@1": 0.8357400722021661,
      "test_TWIG_R@2": 0.9151624548736462,
      "test_TWIG_R@5": 0.9638989169675091,
      "test_TWIG_R@10": 0.9783393501805054,
      "test_TWIG_R@50": 1.0,
      "test_TWIG_MRR": 0.8927506035893843
    },
    {
      "config": "A42",
      "code": 42,
      "binary": "101010",
      "label": "tt + tp + cc",
      "num_edges": 3,
      "kept_edges": "similar_table, comes_from, similar_content",
      "elapsed_min": 122.6,
      "eval_count": 553,
      "QA_R@1": 0.8426763110307414,
      "QA_R@2": 0.9312839059674503,
      "QA_R@5": 0.9783001808318263,
      "QA_R@10": 0.9891500904159132,
      "QA_R@50": 1.0,
      "QA_MRR": 0.9031894185782064,
      "QA_nDCG@10": 0.924294397308163,
      "TWIG_R@1": 0.8209764918625678,
      "TWIG_R@2": 0.9150090415913201,
      "TWIG_R@5": 0.9783001808318263,
      "TWIG_R@10": 0.9927667269439421,
      "TWIG_R@50": 0.9981916817359855,
      "TWIG_MRR": 0.8879660725049512,
      "test_eval_count": 554,
      "test_QA_R@1": 0.8483754512635379,
      "test_QA_R@2": 0.9350180505415162,
      "test_QA_R@5": 0.9747292418772563,
      "test_QA_R@10": 0.983754512635379,
      "test_QA_R@50": 0.9981949458483754,
      "test_QA_MRR": 0.9051832012752588,
      "test_QA_nDCG@10": 0.9244593817047772,
      "test_TWIG_R@1": 0.8483754512635379,
      "test_TWIG_R@2": 0.9314079422382672,
      "test_TWIG_R@5": 0.9747292418772563,
      "test_TWIG_R@10": 0.9891696750902527,
      "test_TWIG_R@50": 1.0,
      "test_TWIG_MRR": 0.9050167898295801
    }
  ]
}