{
  "experiment": "Query-Aware v2 Edge Ablation (A0-A63)",
  "dataset": "mmqa",
  "edge_types": [
    "similar_table",
    "has_column",
    "comes_from",
    "same_page",
    "similar_content",
    "shared_column_name"
  ],
  "edge_abbreviations": [
    "tt",
    "tc",
    "tp",
    "sp",
    "cc",
    "sc"
  ],
  "timestamp": "2026-06-03T19:44:06.460161",
  "twig_hps": {
    "LEARNING_RATE": 0.0005543418807199451,
    "HIDDEN_CHANNELS": 768,
    "DROPOUT": 0.10028905529000982,
    "WEIGHT_DECAY": 0.03217253330215496,
    "SAGE_AGGR": "min",
    "HETERO_AGGR": "max",
    "CLIP_GRAD_NORM": 0.6,
    "TEMP_START": 0.05,
    "TEMP_END": 0.03,
    "SMOOTH_START": 0.12,
    "SMOOTH_END": 0.06,
    "NUM_EPOCHS": 30,
    "WARMUP_EPOCHS": 2,
    "BATCH_SIZE": 128,
    "CHUNK_SIZE": 1024
  },
  "qa_hps": {
    "QUERY_EDGE_MODE": "E4",
    "BASE_LR": 0.0001,
    "QUERY_LR": 0.0005,
    "NUM_EPOCHS": 15,
    "SUBGRAPH_K": 30
  },
  "results": [
    {
      "config": "A33",
      "code": 33,
      "binary": "100001",
      "label": "tt + sc",
      "num_edges": 2,
      "kept_edges": "similar_table, shared_column_name",
      "elapsed_min": 5.8,
      "eval_count": 246,
      "QA_R@1": 0.38970189701897,
      "QA_R@2": 0.480962059620596,
      "QA_R@5": 0.5881436314363145,
      "QA_R@10": 0.6860433604336043,
      "QA_R@50": 0.8843495934959349,
      "QA_MRR": 0.882130392191368,
      "QA_nDCG@10": 0.6607475955901495,
      "TWIG_R@1": 0.3910569105691055,
      "TWIG_R@2": 0.4992547425474254,
      "TWIG_R@5": 0.6334010840108402,
      "TWIG_R@10": 0.735840108401084,
      "TWIG_R@50": 0.9016260162601627,
      "TWIG_MRR": 0.8802423195422798,
      "test_eval_count": 248,
      "test_QA_R@1": 0.4024865591397849,
      "test_QA_R@2": 0.5076612903225804,
      "test_QA_R@5": 0.6175403225806451,
      "test_QA_R@10": 0.7133064516129031,
      "test_QA_R@50": 0.8940860215053764,
      "test_QA_MRR": 0.9234617339234766,
      "test_QA_nDCG@10": 0.698889351850774,
      "test_TWIG_R@1": 0.38098118279569887,
      "test_TWIG_R@2": 0.5153897849462364,
      "test_TWIG_R@5": 0.6316532258064513,
      "test_TWIG_R@10": 0.7258736559139786,
      "test_TWIG_R@50": 0.8945564516129032,
      "test_TWIG_MRR": 0.9049902343071222
    },
    {
      "config": "A34",
      "code": 34,
      "binary": "100010",
      "label": "tt + cc",
      "num_edges": 2,
      "kept_edges": "similar_table, similar_content",
      "elapsed_min": 3.3,
      "eval_count": 246,
      "QA_R@1": 0.36124661246612466,
      "QA_R@2": 0.457791327913279,
      "QA_R@5": 0.5972899728997292,
      "QA_R@10": 0.698238482384824,
      "QA_R@50": 0.8999322493224933,
      "QA_MRR": 0.8441381450527793,
      "QA_nDCG@10": 0.6481163196070114,
      "TWIG_R@1": 0.38495934959349576,
      "TWIG_R@2": 0.5216124661246613,
      "TWIG_R@5": 0.6577913279132793,
      "TWIG_R@10": 0.7568428184281845,
      "TWIG_R@50": 0.9094173441734418,
      "TWIG_MRR": 0.8865391440086561,
      "test_eval_count": 248,
      "test_QA_R@1": 0.31814516129032266,
      "test_QA_R@2": 0.4428091397849462,
      "test_QA_R@5": 0.5903225806451612,
      "test_QA_R@10": 0.6845430107526883,
      "test_QA_R@50": 0.8883064516129031,
      "test_QA_MRR": 0.810226218850476,
      "test_QA_nDCG@10": 0.6278807914332873,
      "test_TWIG_R@1": 0.3920698924731182,
      "test_TWIG_R@2": 0.519758064516129,
      "test_TWIG_R@5": 0.6719758064516128,
      "test_TWIG_R@10": 0.7510752688172043,
      "test_TWIG_R@50": 0.8851478494623657,
      "test_TWIG_MRR": 0.919668458781362
    },
    {
      "config": "A35",
      "code": 35,
      "binary": "100011",
      "label": "tt + cc + sc",
      "num_edges": 3,
      "kept_edges": "similar_table, similar_content, shared_column_name",
      "elapsed_min": 4.4,
      "eval_count": 246,
      "QA_R@1": 0.39918699186991846,
      "QA_R@2": 0.5134823848238481,
      "QA_R@5": 0.6415311653116534,
      "QA_R@10": 0.7236449864498646,
      "QA_R@50": 0.8865853658536585,
      "QA_MRR": 0.8977065224311489,
      "QA_nDCG@10": 0.6975575691321804,
      "TWIG_R@1": 0.3937669376693765,
      "TWIG_R@2": 0.5270325203252033,
      "TWIG_R@5": 0.6497967479674798,
      "TWIG_R@10": 0.7412601626016262,
      "TWIG_R@50": 0.8974254742547424,
      "TWIG_MRR": 0.8896686366493606,
      "test_eval_count": 248,
      "test_QA_R@1": 0.38702956989247306,
      "test_QA_R@2": 0.4901881720430108,
      "test_QA_R@5": 0.6581989247311826,
      "test_QA_R@10": 0.7674059139784943,
      "test_QA_R@50": 0.9026209677419355,
      "test_QA_MRR": 0.9058349839652896,
      "test_QA_nDCG@10": 0.712980086139456,
      "test_TWIG_R@1": 0.3877016129032257,
      "test_TWIG_R@2": 0.49926075268817205,
      "test_TWIG_R@5": 0.6403897849462366,
      "test_TWIG_R@10": 0.7264112903225804,
      "test_TWIG_R@50": 0.892741935483871,
      "test_TWIG_MRR": 0.9088809361960086
    },
    {
      "config": "A36",
      "code": 36,
      "binary": "100100",
      "label": "tt + sp",
      "num_edges": 2,
      "kept_edges": "similar_table, same_page",
      "elapsed_min": 3.4,
      "eval_count": 246,
      "QA_R@1": 0.39579945799457983,
      "QA_R@2": 0.5107723577235771,
      "QA_R@5": 0.6300135501355013,
      "QA_R@10": 0.6958672086720866,
      "QA_R@50": 0.8689701897018971,
      "QA_MRR": 0.893773316334292,
      "QA_nDCG@10": 0.6801302828530834,
      "TWIG_R@1": 0.39241192411924103,
      "TWIG_R@2": 0.5114498644986449,
      "TWIG_R@5": 0.6228997289972901,
      "TWIG_R@10": 0.7266937669376694,
      "TWIG_R@50": 0.8740514905149047,
      "TWIG_MRR": 0.8911985875111402,
      "test_eval_count": 248,
      "test_QA_R@1": 0.3803091397849461,
      "test_QA_R@2": 0.4905241935483871,
      "test_QA_R@5": 0.5977150537634407,
      "test_QA_R@10": 0.6783602150537631,
      "test_QA_R@50": 0.8745967741935482,
      "test_QA_MRR": 0.8995290037023908,
      "test_QA_nDCG@10": 0.6659373654244831,
      "test_TWIG_R@1": 0.38299731182795693,
      "test_TWIG_R@2": 0.4911962365591397,
      "test_TWIG_R@5": 0.6124999999999998,
      "test_TWIG_R@10": 0.6968413978494621,
      "test_TWIG_R@50": 0.8740591397849463,
      "test_TWIG_MRR": 0.9071793394777267
    },
    {
      "config": "A37",
      "code": 37,
      "binary": "100101",
      "label": "tt + sp + sc",
      "num_edges": 3,
      "kept_edges": "similar_table, same_page, shared_column_name",
      "elapsed_min": 5.1,
      "eval_count": 246,
      "QA_R@1": 0.38563685636856354,
      "QA_R@2": 0.5011517615176151,
      "QA_R@5": 0.6531842818428182,
      "QA_R@10": 0.7581978319783196,
      "QA_R@50": 0.9236449864498644,
      "QA_MRR": 0.88162358192846,
      "QA_nDCG@10": 0.7031158603326999,
      "TWIG_R@1": 0.36463414634146335,
      "TWIG_R@2": 0.48421409214092126,
      "TWIG_R@5": 0.6151084010840107,
      "TWIG_R@10": 0.7436314363143631,
      "TWIG_R@50": 0.9148373983739838,
      "TWIG_MRR": 0.8494799354065767,
      "test_eval_count": 248,
      "test_QA_R@1": 0.39173387096774176,
      "test_QA_R@2": 0.5116935483870968,
      "test_QA_R@5": 0.6558467741935484,
      "test_QA_R@10": 0.7482526881720427,
      "test_QA_R@50": 0.9316532258064514,
      "test_QA_MRR": 0.9145153418161008,
      "test_QA_nDCG@10": 0.7162978051354479,
      "test_TWIG_R@1": 0.3641801075268817,
      "test_TWIG_R@2": 0.4821236559139785,
      "test_TWIG_R@5": 0.637029569892473,
      "test_TWIG_R@10": 0.7445564516129034,
      "test_TWIG_R@50": 0.9251344086021506,
      "test_TWIG_MRR": 0.8783780695901189
    },
    {
      "config": "A38",
      "code": 38,
      "binary": "100110",
      "label": "tt + sp + cc",
      "num_edges": 3,
      "kept_edges": "similar_table, same_page, similar_content",
      "elapsed_min": 5.5,
      "eval_count": 246,
      "QA_R@1": 0.39783197831978295,
      "QA_R@2": 0.46741192411924104,
      "QA_R@5": 0.6083333333333334,
      "QA_R@10": 0.711449864498645,
      "QA_R@50": 0.8951897018970189,
      "QA_MRR": 0.891511828640178,
      "QA_nDCG@10": 0.6736780424180772,