{
  "experiment": "Query-Aware v2 Edge Ablation (A0-A63)",
  "dataset": "mimo_en",
  "edge_types": [
    "similar_table",
    "has_column",
    "comes_from",
    "same_page",
    "similar_content",
    "shared_column_name"
  ],
  "edge_abbreviations": [
    "tt",
    "tc",
    "tp",
    "sp",
    "cc",
    "sc"
  ],
  "timestamp": "2026-06-03T18:16:56.495334",
  "twig_hps": {
    "LEARNING_RATE": 0.0005543418807199451,
    "HIDDEN_CHANNELS": 768,
    "DROPOUT": 0.10028905529000982,
    "WEIGHT_DECAY": 0.03217253330215496,
    "SAGE_AGGR": "min",
    "HETERO_AGGR": "max",
    "CLIP_GRAD_NORM": 0.6,
    "TEMP_START": 0.05,
    "TEMP_END": 0.03,
    "SMOOTH_START": 0.12,
    "SMOOTH_END": 0.06,
    "NUM_EPOCHS": 30,
    "WARMUP_EPOCHS": 2,
    "BATCH_SIZE": 128,
    "CHUNK_SIZE": 1024
  },
  "qa_hps": {
    "QUERY_EDGE_MODE": "E4",
    "BASE_LR": 0.0001,
    "QUERY_LR": 0.0005,
    "NUM_EPOCHS": 15,
    "SUBGRAPH_K": 30
  },
  "results": [
    {
      "config": "A22",
      "code": 22,
      "binary": "010110",
      "label": "tc + sp + cc",
      "num_edges": 3,
      "kept_edges": "has_column, same_page, similar_content",
      "elapsed_min": 1.5,
      "eval_count": 64,
      "QA_R@1": 0.36822916666666666,
      "QA_R@2": 0.47343749999999996,
      "QA_R@5": 0.5828125,
      "QA_R@10": 0.6802083333333333,
      "QA_R@50": 0.915625,
      "QA_MRR": 0.5366655892837361,
      "QA_nDCG@10": 0.5458819243083992,
      "TWIG_R@1": 0.32395833333333335,
      "TWIG_R@2": 0.4208333333333333,
      "TWIG_R@5": 0.5682291666666667,
      "TWIG_R@10": 0.7036458333333333,
      "TWIG_R@50": 0.9489583333333333,
      "TWIG_MRR": 0.4804529191241238,
      "test_eval_count": 63,
      "test_QA_R@1": 0.3357142857142857,
      "test_QA_R@2": 0.47857142857142854,
      "test_QA_R@5": 0.6240740740740741,
      "test_QA_R@10": 0.6867724867724868,
      "test_QA_R@50": 0.9047619047619048,
      "test_QA_MRR": 0.5538767621132065,
      "test_QA_nDCG@10": 0.5427485235130484,
      "test_TWIG_R@1": 0.23809523809523808,
      "test_TWIG_R@2": 0.31746031746031744,
      "test_TWIG_R@5": 0.5150793650793651,
      "test_TWIG_R@10": 0.5944444444444444,
      "test_TWIG_R@50": 0.8835978835978837,
      "test_TWIG_MRR": 0.3879382093974698
    },
    {
      "config": "A23",
      "code": 23,
      "binary": "010111",
      "label": "tc + sp + cc + sc",
      "num_edges": 4,
      "kept_edges": "has_column, same_page, similar_content, shared_column_name",
      "elapsed_min": 1.5,
      "eval_count": 64,
      "QA_R@1": 0.4125,
      "QA_R@2": 0.48854166666666665,
      "QA_R@5": 0.6182291666666666,
      "QA_R@10": 0.7234375,
      "QA_R@50": 0.9536458333333333,
      "QA_MRR": 0.5803418093554898,
      "QA_nDCG@10": 0.5800980654307438,
      "TWIG_R@1": 0.39166666666666666,
      "TWIG_R@2": 0.45729166666666665,
      "TWIG_R@5": 0.5859375,
      "TWIG_R@10": 0.7046874999999999,
      "TWIG_R@50": 0.9645833333333333,
      "TWIG_MRR": 0.5534682093869596,
      "test_eval_count": 63,
      "test_QA_R@1": 0.4137566137566137,
      "test_QA_R@2": 0.49629629629629624,
      "test_QA_R@5": 0.628835978835979,
      "test_QA_R@10": 0.6907407407407409,
      "test_QA_R@50": 0.9523809523809523,
      "test_QA_MRR": 0.5953863397210735,
      "test_QA_nDCG@10": 0.5693748826258452,
      "test_TWIG_R@1": 0.3325396825396825,
      "test_TWIG_R@2": 0.46005291005291,
      "test_TWIG_R@5": 0.6224867724867725,
      "test_TWIG_R@10": 0.7034391534391535,
      "test_TWIG_R@50": 0.9576719576719577,
      "test_TWIG_MRR": 0.537689534120423
    },
    {
      "config": "A24",
      "code": 24,
      "binary": "011000",
      "label": "tc + tp",
      "num_edges": 2,
      "kept_edges": "has_column, comes_from",
      "elapsed_min": 1.2,
      "eval_count": 64,
      "QA_R@1": 0.44375,
      "QA_R@2": 0.48593749999999997,
      "QA_R@5": 0.5802083333333334,
      "QA_R@10": 0.6671874999999998,
      "QA_R@50": 0.9072916666666666,
      "QA_MRR": 0.5904781265389987,
      "QA_nDCG@10": 0.5655665191248217,
      "TWIG_R@1": 0.43854166666666666,
      "TWIG_R@2": 0.5041666666666667,
      "TWIG_R@5": 0.5734375,
      "TWIG_R@10": 0.6807291666666666,
      "TWIG_R@50": 0.9098958333333333,
      "TWIG_MRR": 0.5814534170307244,
      "test_eval_count": 63,
      "test_QA_R@1": 0.43306878306878305,
      "test_QA_R@2": 0.48862433862433857,
      "test_QA_R@5": 0.6828042328042327,
      "test_QA_R@10": 0.7653439153439153,
      "test_QA_R@50": 0.9227513227513228,
      "test_QA_MRR": 0.6173183896063745,
      "test_QA_nDCG@10": 0.6087312731378912,
      "test_TWIG_R@1": 0.40793650793650793,
      "test_TWIG_R@2": 0.5341269841269841,
      "test_TWIG_R@5": 0.7113756613756614,
      "test_TWIG_R@10": 0.7351851851851853,
      "test_TWIG_R@50": 0.9253968253968253,
      "test_TWIG_MRR": 0.6037499072110055
    },
    {
      "config": "A25",
      "code": 25,
      "binary": "011001",
      "label": "tc + tp + sc",
      "num_edges": 3,
      "kept_edges": "has_column, comes_from, shared_column_name",
      "elapsed_min": 1.4,
      "eval_count": 64,
      "QA_R@1": 0.47760416666666666,
      "QA_R@2": 0.5171874999999999,
      "QA_R@5": 0.6062500000000001,
      "QA_R@10": 0.70625,
      "QA_R@50": 0.9093749999999999,
      "QA_MRR": 0.6194386131978045,
      "QA_nDCG@10": 0.5977965014090368,
      "TWIG_R@1": 0.3630208333333333,
      "TWIG_R@2": 0.4286458333333333,
      "TWIG_R@5": 0.6015625,
      "TWIG_R@10": 0.7114583333333333,
      "TWIG_R@50": 0.9249999999999999,
      "TWIG_MRR": 0.5340788202081693,
      "test_eval_count": 63,
      "test_QA_R@1": 0.34656084656084657,
      "test_QA_R@2": 0.46084656084656084,
      "test_QA_R@5": 0.6113756613756614,
      "test_QA_R@10": 0.7208994708994708,
      "test_QA_R@50": 0.935978835978836,
      "test_QA_MRR": 0.5265722937991845,
      "test_QA_nDCG@10": 0.5403850876637422,
      "test_TWIG_R@1": 0.3492063492063492,
      "test_TWIG_R@2": 0.4087301587301587,
      "test_TWIG_R@5": 0.5013227513227514,
      "test_TWIG_R@10": 0.628835978835979,
      "test_TWIG_R@50": 0.9253968253968254,
      "test_TWIG_MRR": 0.47156510285148306
    },
    {
      "config": "A26",
      "code": 26,
      "binary": "011010",
      "label": "tc + tp + cc",
      "num_edges": 3,
      "kept_edges": "has_column, comes_from, similar_content",
      "elapsed_min": 1.8,
      "eval_count": 64,
      "QA_R@1": 0.4645833333333333,
      "QA_R@2": 0.5354166666666667,
      "QA_R@5": 0.6708333333333333,
      "QA_R@10": 0.7229166666666667,
      "QA_R@50": 0.8994791666666666,
      "QA_MRR": 0.609623973085566,
      "QA_nDCG@10": 0.6103258844780332,
      "TWIG_R@1": 0.3864583333333333,
      "TWIG_R@2": 0.48854166666666665,
      "TWIG_R@5": 0.5770833333333334,
      "TWIG_R@10": 0.6901041666666666,
      "TWIG_R@50": 0.8911458333333333,
      "TWIG_MRR": 0.5468007417131375,
      "test_eval_count": 63,
      "test_QA_R@1": 0.32857142857142857,
      "test_QA_R@2": 0.437037037037037,
      "test_QA_R@5": 0.6351851851851853,
      "test_QA_R@10": 0.7494708994708995,
      "test_QA_R@50": 0.9365079365079365,
      "test_QA_MRR": 0.5324879629227455,
      "test_QA_nDCG@10": 0.5449303670058215,
      "test_TWIG_R@1": 0.3412698412698413,
      "test_TWIG_R@2": 0.42857142857142855,
      "test_TWIG_R@5": 0.5957671957671957,
      "test_TWIG_R@10": 0.7335978835978837,
      "test_TWIG_R@50": 0.9544973544973545,
      "test_TWIG_MRR": 0.5173553369748977
    },
    {
      "config": "A27",
      "code": 27,
      "binary": "011011",
      "label": "tc + tp + cc + sc",
      "num_edges": 4,
      "kept_edges": "has_column, comes_from, similar_content, shared_column_name",
      "elapsed_min": 1.5,
      "eval_count": 64,
      "QA_R@1": 0.396875,
      "QA_R@2": 0.4598958333333333,
      "QA_R@5": 0.5973958333333333,
      "QA_R@10": 0.7369791666666666,
      "QA_R@50": 0.9286458333333334,
      "QA_MRR": 0.5635432446127038,
      "QA_nDCG@10": 0.5762276204223702,
      "TWIG_R@1": 0.3265625,