{
  "experiment": "Query-Aware v2 Edge Ablation (A0-A63)",
  "dataset": "mimo_ch",
  "edge_types": [
    "similar_table",
    "has_column",
    "comes_from",
    "same_page",
    "similar_content",
    "shared_column_name"
  ],
  "edge_abbreviations": [
    "tt",
    "tc",
    "tp",
    "sp",
    "cc",
    "sc"
  ],
  "timestamp": "2026-06-03T18:36:17.659410",
  "twig_hps": {
    "LEARNING_RATE": 0.0005543418807199451,
    "HIDDEN_CHANNELS": 768,
    "DROPOUT": 0.10028905529000982,
    "WEIGHT_DECAY": 0.03217253330215496,
    "SAGE_AGGR": "min",
    "HETERO_AGGR": "max",
    "CLIP_GRAD_NORM": 0.6,
    "TEMP_START": 0.05,
    "TEMP_END": 0.03,
    "SMOOTH_START": 0.12,
    "SMOOTH_END": 0.06,
    "NUM_EPOCHS": 30,
    "WARMUP_EPOCHS": 2,
    "BATCH_SIZE": 128,
    "CHUNK_SIZE": 1024
  },
  "qa_hps": {
    "QUERY_EDGE_MODE": "E4",
    "BASE_LR": 0.0001,
    "QUERY_LR": 0.0005,
    "NUM_EPOCHS": 15,
    "SUBGRAPH_K": 30
  },
  "results": [
    {
      "config": "A54",
      "code": 54,
      "binary": "110110",
      "label": "tt + tc + sp + cc",
      "num_edges": 4,
      "kept_edges": "similar_table, has_column, same_page, similar_content",
      "elapsed_min": 3.7,
      "eval_count": 97,
      "QA_R@1": 0.44020618556701036,
      "QA_R@2": 0.5312714776632304,
      "QA_R@5": 0.557044673539519,
      "QA_R@10": 0.6395189003436427,
      "QA_R@50": 0.8946735395189003,
      "QA_MRR": 0.6222930087300236,
      "QA_nDCG@10": 0.5730985464675792,
      "TWIG_R@1": 0.4178694158075601,
      "TWIG_R@2": 0.5054982817869417,
      "TWIG_R@5": 0.5656357388316152,
      "TWIG_R@10": 0.6498281786941582,
      "TWIG_R@50": 0.8967353951890035,
      "TWIG_MRR": 0.6081063952922292,
      "test_eval_count": 100,
      "test_QA_R@1": 0.4428333333333333,
      "test_QA_R@2": 0.5073333333333333,
      "test_QA_R@5": 0.6143333333333334,
      "test_QA_R@10": 0.6919285714285714,
      "test_QA_R@50": 0.8860476190476192,
      "test_QA_MRR": 0.6210316183690826,
      "test_QA_nDCG@10": 0.5879510407797762,
      "test_TWIG_R@1": 0.3828333333333333,
      "test_TWIG_R@2": 0.4931666666666667,
      "test_TWIG_R@5": 0.6054999999999999,
      "test_TWIG_R@10": 0.7049999999999998,
      "test_TWIG_R@50": 0.8859285714285714,
      "test_TWIG_MRR": 0.5951690737196371
    },
    {
      "config": "A55",
      "code": 55,
      "binary": "110111",
      "label": "tt + tc + sp + cc + sc",
      "num_edges": 5,
      "kept_edges": "similar_table, has_column, same_page, similar_content, shared_column_name",
      "elapsed_min": 2.1,
      "eval_count": 97,
      "QA_R@1": 0.44192439862542954,
      "QA_R@2": 0.49518900343642624,
      "QA_R@5": 0.5664948453608248,
      "QA_R@10": 0.6420962199312716,
      "QA_R@50": 0.8996563573883163,
      "QA_MRR": 0.6177862279626261,
      "QA_nDCG@10": 0.5656148160039699,
      "TWIG_R@1": 0.39381443298969065,
      "TWIG_R@2": 0.4539518900343643,
      "TWIG_R@5": 0.6077319587628867,
      "TWIG_R@10": 0.679896907216495,
      "TWIG_R@50": 0.8589347079037801,
      "TWIG_MRR": 0.5805160509045684,
      "test_eval_count": 100,
      "test_QA_R@1": 0.36033333333333334,
      "test_QA_R@2": 0.4636666666666667,
      "test_QA_R@5": 0.5848333333333333,
      "test_QA_R@10": 0.6469285714285715,
      "test_QA_R@50": 0.8841904761904762,
      "test_QA_MRR": 0.5755437320005847,
      "test_QA_nDCG@10": 0.5266829340560855,
      "test_TWIG_R@1": 0.3328333333333333,
      "test_TWIG_R@2": 0.4306666666666667,
      "test_TWIG_R@5": 0.5556666666666666,
      "test_TWIG_R@10": 0.6184999999999999,
      "test_TWIG_R@50": 0.8887619047619048,
      "test_TWIG_MRR": 0.5244756793817567
    },
    {
      "config": "A56",
      "code": 56,
      "binary": "111000",
      "label": "tt + tc + tp",
      "num_edges": 3,
      "kept_edges": "similar_table, has_column, comes_from",
      "elapsed_min": 2.4,
      "eval_count": 97,
      "QA_R@1": 0.4367697594501718,
      "QA_R@2": 0.5072164948453609,
      "QA_R@5": 0.6080756013745705,
      "QA_R@10": 0.6939862542955326,
      "QA_R@50": 0.8618556701030928,
      "QA_MRR": 0.6384699682060868,
      "QA_nDCG@10": 0.5962277974195427,
      "TWIG_R@1": 0.374914089347079,
      "TWIG_R@2": 0.4926116838487973,
      "TWIG_R@5": 0.5699312714776633,
      "TWIG_R@10": 0.6833333333333335,
      "TWIG_R@50": 0.8563573883161512,
      "TWIG_MRR": 0.570906390041172,
      "test_eval_count": 100,
      "test_QA_R@1": 0.4211666666666666,
      "test_QA_R@2": 0.4998333333333333,
      "test_QA_R@5": 0.6376666666666666,
      "test_QA_R@10": 0.7263333333333333,
      "test_QA_R@50": 0.8673571428571428,
      "test_QA_MRR": 0.6239796637541205,
      "test_QA_nDCG@10": 0.5966564923296724,
      "test_TWIG_R@1": 0.4136666666666666,
      "test_TWIG_R@2": 0.5181666666666667,
      "test_TWIG_R@5": 0.6043333333333334,
      "test_TWIG_R@10": 0.6859999999999999,
      "test_TWIG_R@50": 0.8461666666666667,
      "test_TWIG_MRR": 0.6074217256759163
    },
    {
      "config": "A57",
      "code": 57,
      "binary": "111001",
      "label": "tt + tc + tp + sc",
      "num_edges": 4,
      "kept_edges": "similar_table, has_column, comes_from, shared_column_name",
      "elapsed_min": 2.2,
      "eval_count": 97,
      "QA_R@1": 0.49175257731958766,
      "QA_R@2": 0.5381443298969073,
      "QA_R@5": 0.6403780068728523,
      "QA_R@10": 0.6853951890034365,
      "QA_R@50": 0.8962199312714777,
      "QA_MRR": 0.6734110123342717,
      "QA_nDCG@10": 0.6251760136368223,
      "TWIG_R@1": 0.4350515463917526,
      "TWIG_R@2": 0.47199312714776637,
      "TWIG_R@5": 0.5879725085910654,
      "TWIG_R@10": 0.7048109965635739,
      "TWIG_R@50": 0.8814432989690724,
      "TWIG_MRR": 0.621421886619185,
      "test_eval_count": 100,
      "test_QA_R@1": 0.41700000000000004,
      "test_QA_R@2": 0.484,
      "test_QA_R@5": 0.6008333333333333,
      "test_QA_R@10": 0.7028333333333333,
      "test_QA_R@50": 0.8568571428571429,
      "test_QA_MRR": 0.6104480579175349,
      "test_QA_nDCG@10": 0.5771958834565992,
      "test_TWIG_R@1": 0.3828333333333333,
      "test_TWIG_R@2": 0.47866666666666674,
      "test_TWIG_R@5": 0.5838333333333334,
      "test_TWIG_R@10": 0.6808333333333333,
      "test_TWIG_R@50": 0.8633571428571429,
      "test_TWIG_MRR": 0.5750947688233681
    },
    {
      "config": "A58",
      "code": 58,
      "binary": "111010",
      "label": "tt + tc + tp + cc",
      "num_edges": 4,
      "kept_edges": "similar_table, has_column, comes_from, similar_content",
      "elapsed_min": 2.0,
      "eval_count": 97,
      "QA_R@1": 0.40927835051546385,
      "QA_R@2": 0.5037800687285224,
      "QA_R@5": 0.6000000000000002,
      "QA_R@10": 0.704639175257732,
      "QA_R@50": 0.8891752577319587,
      "QA_MRR": 0.6178768655447617,
      "QA_nDCG@10": 0.5847964293822808,
      "TWIG_R@1": 0.44020618556701036,
      "TWIG_R@2": 0.48659793814432994,
      "TWIG_R@5": 0.5793814432989692,
      "TWIG_R@10": 0.6676975945017184,
      "TWIG_R@50": 0.8395189003436426,
      "TWIG_MRR": 0.6200411995395098,
      "test_eval_count": 100,
      "test_QA_R@1": 0.4261666666666666,
      "test_QA_R@2": 0.5165,
      "test_QA_R@5": 0.628,
      "test_QA_R@10": 0.7103333333333333,
      "test_QA_R@50": 0.8563571428571428,
      "test_QA_MRR": 0.6299687889566483,
      "test_QA_nDCG@10": 0.5930030776776293,
      "test_TWIG_R@1": 0.3828333333333333,
      "test_TWIG_R@2": 0.49983333333333335,
      "test_TWIG_R@5": 0.5813333333333334,
      "test_TWIG_R@10": 0.6786666666666668,
      "test_TWIG_R@50": 0.8838571428571429,
      "test_TWIG_MRR": 0.5901757165263357
    },
    {
      "config": "A59",
      "code": 59,
      "binary": "111011",
      "label": "tt + tc + tp + cc + sc",
      "num_edges": 5,
      "kept_edges": "similar_table, has_column, comes_from, similar_content, shared_column_name",
      "elapsed_min": 2.4,
      "eval_count": 97,
      "QA_R@1": 0.459106529209622,
      "QA_R@2": 0.5097938144329898,
      "QA_R@5": 0.5982817869415809,