{
  "source": "e2ewtq",
  "M0": {
    "R@1": 0.18032786885245902,
    "R@5": 0.32786885245901637,
    "R@10": 0.47540983606557374,
    "MRR": 0.24397606036950295,
    "nDCG@10": 0.29698420244204227,
    "eval_count": 61
  },
  "M1": {
    "R@1": 0.06557377049180328,
    "R@5": 0.2459016393442623,
    "R@10": 0.4098360655737705,
    "MRR": 0.13751626333593545,
    "nDCG@10": 0.1996850427114114,
    "eval_count": 61
  },
  "subgraph_k": 20
}