{
  "source": "feta",
  "M0": {
    "R@1": 0.1936127744510978,
    "R@5": 0.40119760479041916,
    "R@10": 0.5149700598802395,
    "MRR": 0.28222206380889026,
    "nDCG@10": 0.33709739752057427,
    "eval_count": 501
  },
  "M1": {
    "R@1": 0.13572854291417166,
    "R@5": 0.39520958083832336,
    "R@10": 0.5449101796407185,
    "MRR": 0.24850457814529664,
    "nDCG@10": 0.3182739607407223,
    "eval_count": 501
  },
  "subgraph_k": 20
}