{
  "source": "mimo_en",
  "M0": {
    "R@1": 0.3767195767195767,
    "R@5": 0.5716931216931217,
    "R@10": 0.6558201058201059,
    "MRR": 0.5479276895943561,
    "nDCG@10": 0.5386658720106404,
    "eval_count": 63
  },
  "M1": {
    "R@1": 0.2267195767195767,
    "R@5": 0.45529100529100525,
    "R@10": 0.5537037037037037,
    "MRR": 0.3915973796926177,
    "nDCG@10": 0.4023993725126611,
    "eval_count": 63
  },
  "subgraph_k": 20
}