{
  "source": "mimo_ch",
  "M0": {
    "R@1": 0.23533333333333334,
    "R@5": 0.4395,
    "R@10": 0.520095238095238,
    "MRR": 0.3814365079365079,
    "nDCG@10": 0.3856190551190278,
    "eval_count": 100
  },
  "M1": {
    "R@1": 0.04166666666666666,
    "R@5": 0.12476190476190477,
    "R@10": 0.29842857142857143,
    "MRR": 0.1354087301587301,
    "nDCG@10": 0.15417625024343956,
    "eval_count": 100
  },
  "subgraph_k": 20
}