{
  "source": "mmqa",
  "M0": {
    "R@1": 0.3829973118279569,
    "R@5": 0.5758736559139783,
    "R@10": 0.6538306451612902,
    "MRR": 0.9008064516129032,
    "nDCG@10": 0.6533270702789836,
    "eval_count": 248
  },
  "M1": {
    "R@1": 0.3540994623655913,
    "R@5": 0.5379032258064516,
    "R@10": 0.597043010752688,
    "MRR": 0.8582181259600614,
    "nDCG@10": 0.6027056804360934,
    "eval_count": 248
  },
  "subgraph_k": 20
}