{
  "source": "ottqa",
  "M0": {
    "R@1": 0.3898916967509025,
    "R@5": 0.6823104693140795,
    "R@10": 0.7743682310469314,
    "MRR": 0.511569537562317,
    "nDCG@10": 0.5745985840591451,
    "eval_count": 554
  },
  "M1": {
    "R@1": 0.2563176895306859,
    "R@5": 0.6010830324909747,
    "R@10": 0.7653429602888087,
    "MRR": 0.40168471720818255,
    "nDCG@10": 0.48779315838509857,
    "eval_count": 554
  },
  "subgraph_k": 20
}