{
  "subgraph_k": 20,
  "results": {
    "mimo_en": {
      "M0": {
        "R@1": 0.3767195767195767,
        "R@5": 0.5716931216931217,
        "R@10": 0.6558201058201059,
        "MRR": 0.5479276895943561,
        "nDCG@10": 0.5386658720106404,
        "eval_count": 63
      },
      "M1": {
        "R@1": 0.2267195767195767,
        "R@5": 0.45529100529100525,
        "R@10": 0.5537037037037037,
        "MRR": 0.3915973796926177,
        "nDCG@10": 0.4023993725126611,
        "eval_count": 63
      }
    },
    "mimo_ch": {
      "M0": {
        "R@1": 0.23533333333333334,
        "R@5": 0.4395,
        "R@10": 0.520095238095238,
        "MRR": 0.3814365079365079,
        "nDCG@10": 0.3856190551190278,
        "eval_count": 100
      },
      "M1": {
        "R@1": 0.04166666666666666,
        "R@5": 0.12476190476190477,
        "R@10": 0.29842857142857143,
        "MRR": 0.1354087301587301,
        "nDCG@10": 0.15417625024343956,
        "eval_count": 100
      }
    },
    "ottqa": {
      "M0": {
        "R@1": 0.3898916967509025,
        "R@5": 0.6823104693140795,
        "R@10": 0.7743682310469314,
        "MRR": 0.511569537562317,
        "nDCG@10": 0.5745985840591451,
        "eval_count": 554
      },
      "M1": {
        "R@1": 0.2563176895306859,
        "R@5": 0.6010830324909747,
        "R@10": 0.7653429602888087,
        "MRR": 0.40168471720818255,
        "nDCG@10": 0.48779315838509857,
        "eval_count": 554
      }
    },
    "feta": {
      "M0": {
        "R@1": 0.1936127744510978,
        "R@5": 0.40119760479041916,
        "R@10": 0.5149700598802395,
        "MRR": 0.28222206380889026,
        "nDCG@10": 0.33709739752057427,
        "eval_count": 501
      },
      "M1": {
        "R@1": 0.13572854291417166,
        "R@5": 0.39520958083832336,
        "R@10": 0.5449101796407185,
        "MRR": 0.24850457814529664,
        "nDCG@10": 0.3182739607407223,
        "eval_count": 501
      }
    },
    "e2ewtq": {
      "M0": {
        "R@1": 0.18032786885245902,
        "R@5": 0.32786885245901637,
        "R@10": 0.47540983606557374,
        "MRR": 0.24397606036950295,
        "nDCG@10": 0.29698420244204227,
        "eval_count": 61
      },
      "M1": {
        "R@1": 0.06557377049180328,
        "R@5": 0.2459016393442623,
        "R@10": 0.4098360655737705,
        "MRR": 0.13751626333593545,
        "nDCG@10": 0.1996850427114114,
        "eval_count": 61
      }
    },
    "mmqa": {
      "M0": {
        "R@1": 0.3829973118279569,
        "R@5": 0.5758736559139783,
        "R@10": 0.6538306451612902,
        "MRR": 0.9008064516129032,
        "nDCG@10": 0.6533270702789836,
        "eval_count": 248
      },
      "M1": {
        "R@1": 0.3540994623655913,
        "R@5": 0.5379032258064516,
        "R@10": 0.597043010752688,
        "MRR": 0.8582181259600614,
        "nDCG@10": 0.6027056804360934,
        "eval_count": 248
      }
    }
  }
}