{
  "experiment": "Query-Aware v2 Edge Ablation (A0-A63)",
  "dataset": "ottqa",
  "edge_types": [
    "similar_table",
    "has_column",
    "comes_from",
    "same_page",
    "similar_content",
    "shared_column_name"
  ],
  "edge_abbreviations": [
    "tt",
    "tc",
    "tp",
    "sp",
    "cc",
    "sc"
  ],
  "timestamp": "2026-06-04T09:05:03.462264",
  "twig_hps": {
    "LEARNING_RATE": 0.0005543418807199451,
    "HIDDEN_CHANNELS": 768,
    "DROPOUT": 0.10028905529000982,
    "WEIGHT_DECAY": 0.03217253330215496,
    "SAGE_AGGR": "min",
    "HETERO_AGGR": "max",
    "CLIP_GRAD_NORM": 0.6,
    "TEMP_START": 0.05,
    "TEMP_END": 0.03,
    "SMOOTH_START": 0.12,
    "SMOOTH_END": 0.06,
    "NUM_EPOCHS": 30,
    "WARMUP_EPOCHS": 2,
    "BATCH_SIZE": 128,
    "CHUNK_SIZE": 1024
  },
  "qa_hps": {
    "QUERY_EDGE_MODE": "E4",
    "BASE_LR": 0.0001,
    "QUERY_LR": 0.0005,
    "NUM_EPOCHS": 15,
    "SUBGRAPH_K": 30
  },
  "results": [
    {
      "config": "A60",
      "code": 60,
      "binary": "111100",
      "label": "tt + tc + tp + sp",
      "num_edges": 4,
      "kept_edges": "similar_table, has_column, comes_from, same_page",
      "elapsed_min": 195.4,
      "eval_count": 553,
      "QA_R@1": 0.8354430379746836,
      "QA_R@2": 0.9294755877034359,
      "QA_R@5": 0.9837251356238698,
      "QA_R@10": 0.9927667269439421,
      "QA_R@50": 1.0,
      "QA_MRR": 0.8999160423663133,
      "QA_nDCG@10": 0.922891130905949,
      "TWIG_R@1": 0.8010849909584087,
      "TWIG_R@2": 0.8824593128390597,
      "TWIG_R@5": 0.9656419529837251,
      "TWIG_R@10": 0.9819168173598554,
      "TWIG_R@50": 1.0,
      "TWIG_MRR": 0.8698167740437172,
      "test_eval_count": 554,
      "test_QA_R@1": 0.8483754512635379,
      "test_QA_R@2": 0.9187725631768953,
      "test_QA_R@5": 0.9711191335740073,
      "test_QA_R@10": 0.9855595667870036,
      "test_QA_R@50": 0.9981949458483754,
      "test_QA_MRR": 0.9010094172774675,
      "test_QA_nDCG@10": 0.9212785922375152,
      "test_TWIG_R@1": 0.8104693140794224,
      "test_TWIG_R@2": 0.907942238267148,
      "test_TWIG_R@5": 0.9620938628158845,
      "test_TWIG_R@10": 0.9819494584837545,
      "test_TWIG_R@50": 0.9963898916967509,
      "test_TWIG_MRR": 0.878008700664505
    },
    {
      "config": "A61",
      "code": 61,
      "binary": "111101",
      "label": "tt + tc + tp + sp + sc",
      "num_edges": 5,
      "kept_edges": "similar_table, has_column, comes_from, same_page, shared_column_name",
      "elapsed_min": 213.3,
      "eval_count": 553,
      "QA_R@1": 0.8209764918625678,
      "QA_R@2": 0.9294755877034359,
      "QA_R@5": 0.9855334538878843,
      "QA_R@10": 0.9927667269439421,
      "QA_R@50": 1.0,
      "QA_MRR": 0.8928719935927998,
      "QA_nDCG@10": 0.9177560196335763,
      "TWIG_R@1": 0.8047016274864376,
      "TWIG_R@2": 0.9132007233273056,
      "TWIG_R@5": 0.969258589511754,
      "TWIG_R@10": 0.9873417721518988,
      "TWIG_R@50": 1.0,
      "TWIG_MRR": 0.878056529881853,
      "test_eval_count": 554,
      "test_QA_R@1": 0.8610108303249098,
      "test_QA_R@2": 0.9151624548736462,
      "test_QA_R@5": 0.9693140794223827,
      "test_QA_R@10": 0.9819494584837545,
      "test_QA_R@50": 0.9981949458483754,
      "test_QA_MRR": 0.9062153426673352,
      "test_QA_nDCG@10": 0.9242935993061291,
      "test_TWIG_R@1": 0.8231046931407943,
      "test_TWIG_R@2": 0.9115523465703971,
      "test_TWIG_R@5": 0.9584837545126353,
      "test_TWIG_R@10": 0.9855595667870036,
      "test_TWIG_R@50": 1.0,
      "test_TWIG_MRR": 0.8857708242105141
    }
  ]
}