config,code,binary,label,num_edges,kept_edges,QA_R@1,QA_R@5,QA_R@10,QA_MRR,QA_nDCG@10,TWIG_R@1,TWIG_R@5,TWIG_R@10,TWIG_MRR,twig_best_epoch,qa_best_epoch,elapsed_min
A60,60,111100,tt + tc + tp + sp,4,"similar_table, has_column, comes_from, same_page",0.8354430379746836,0.9837251356238698,0.9927667269439421,0.8999160423663133,0.922891130905949,0.8010849909584087,0.9656419529837251,0.9819168173598554,0.8698167740437172,,,195.4
A61,61,111101,tt + tc + tp + sp + sc,5,"similar_table, has_column, comes_from, same_page, shared_column_name",0.8209764918625678,0.9855334538878843,0.9927667269439421,0.8928719935927998,0.9177560196335763,0.8047016274864376,0.969258589511754,0.9873417721518988,0.878056529881853,,,213.3
