{
  "experiment": "Query-Aware v2 Edge Ablation (A0-A63)",
  "dataset": "mimo_ch",
  "edge_types": [
    "similar_table",
    "has_column",
    "comes_from",
    "same_page",
    "similar_content",
    "shared_column_name"
  ],
  "edge_abbreviations": [
    "tt",
    "tc",
    "tp",
    "sp",
    "cc",
    "sc"
  ],
  "timestamp": "2026-06-03T18:46:25.781647",
  "twig_hps": {
    "LEARNING_RATE": 0.0005543418807199451,
    "HIDDEN_CHANNELS": 768,
    "DROPOUT": 0.10028905529000982,
    "WEIGHT_DECAY": 0.03217253330215496,
    "SAGE_AGGR": "min",
    "HETERO_AGGR": "max",
    "CLIP_GRAD_NORM": 0.6,
    "TEMP_START": 0.05,
    "TEMP_END": 0.03,
    "SMOOTH_START": 0.12,
    "SMOOTH_END": 0.06,
    "NUM_EPOCHS": 30,
    "WARMUP_EPOCHS": 2,
    "BATCH_SIZE": 128,
    "CHUNK_SIZE": 1024
  },
  "qa_hps": {
    "QUERY_EDGE_MODE": "E4",
    "BASE_LR": 0.0001,
    "QUERY_LR": 0.0005,
    "NUM_EPOCHS": 15,
    "SUBGRAPH_K": 30
  },
  "results": [
    {
      "config": "A33",
      "code": 33,
      "binary": "100001",
      "label": "tt + sc",
      "num_edges": 2,
      "kept_edges": "similar_table, shared_column_name",
      "elapsed_min": 3.1,
      "eval_count": 97,
      "QA_R@1": 0.3955326460481099,
      "QA_R@2": 0.4848797250859107,
      "QA_R@5": 0.5445017182130584,
      "QA_R@10": 0.6278350515463919,
      "QA_R@50": 0.8575601374570447,
      "QA_MRR": 0.5756966738505526,
      "QA_nDCG@10": 0.5451421893530839,
      "TWIG_R@1": 0.38865979381443294,
      "TWIG_R@2": 0.4530927835051547,
      "TWIG_R@5": 0.550171821305842,
      "TWIG_R@10": 0.6687285223367698,
      "TWIG_R@50": 0.8329896907216494,
      "TWIG_MRR": 0.565900383896139,
      "test_eval_count": 100,
      "test_QA_R@1": 0.3861666666666666,
      "test_QA_R@2": 0.4328333333333333,
      "test_QA_R@5": 0.526,
      "test_QA_R@10": 0.6121666666666666,
      "test_QA_R@50": 0.8607619047619047,
      "test_QA_MRR": 0.5655830705824004,
      "test_QA_nDCG@10": 0.5139647611984067,
      "test_TWIG_R@1": 0.3661666666666666,
      "test_TWIG_R@2": 0.4281666666666666,
      "test_TWIG_R@5": 0.5660000000000001,
      "test_TWIG_R@10": 0.6530000000000001,
      "test_TWIG_R@50": 0.8351666666666666,
      "test_TWIG_MRR": 0.551487612796444
    },
    {
      "config": "A34",
      "code": 34,
      "binary": "100010",
      "label": "tt + cc",
      "num_edges": 2,
      "kept_edges": "similar_table, similar_content",
      "elapsed_min": 2.0,
      "eval_count": 97,
      "QA_R@1": 0.3646048109965635,
      "QA_R@2": 0.4427835051546392,
      "QA_R@5": 0.5015463917525774,
      "QA_R@10": 0.6805841924398627,
      "QA_R@50": 0.866323024054983,
      "QA_MRR": 0.5597459064088537,
      "QA_nDCG@10": 0.539523678444177,
      "TWIG_R@1": 0.34707903780068733,
      "TWIG_R@2": 0.4003436426116838,
      "TWIG_R@5": 0.49175257731958766,
      "TWIG_R@10": 0.6335051546391753,
      "TWIG_R@50": 0.8237113402061855,
      "TWIG_MRR": 0.509351661383212,
      "test_eval_count": 100,
      "test_QA_R@1": 0.3545,
      "test_QA_R@2": 0.44876190476190464,
      "test_QA_R@5": 0.5469285714285713,
      "test_QA_R@10": 0.6320238095238095,
      "test_QA_R@50": 0.8813571428571428,
      "test_QA_MRR": 0.5475418829536478,
      "test_QA_nDCG@10": 0.5146712547808081,
      "test_TWIG_R@1": 0.34700000000000003,
      "test_TWIG_R@2": 0.39483333333333326,
      "test_TWIG_R@5": 0.5643333333333334,
      "test_TWIG_R@10": 0.6276666666666667,
      "test_TWIG_R@50": 0.8364285714285714,
      "test_TWIG_MRR": 0.5202927989174456
    },
    {
      "config": "A35",
      "code": 35,
      "binary": "100011",
      "label": "tt + cc + sc",
      "num_edges": 3,
      "kept_edges": "similar_table, similar_content, shared_column_name",
      "elapsed_min": 2.1,
      "eval_count": 97,
      "QA_R@1": 0.4109965635738831,
      "QA_R@2": 0.4651202749140894,
      "QA_R@5": 0.545360824742268,
      "QA_R@10": 0.6582474226804124,
      "QA_R@50": 0.879553264604811,
      "QA_MRR": 0.5891003896258037,
      "QA_nDCG@10": 0.5582477294452886,
      "TWIG_R@1": 0.354295532646048,
      "TWIG_R@2": 0.4754295532646049,
      "TWIG_R@5": 0.5716494845360826,
      "TWIG_R@10": 0.6412371134020619,
      "TWIG_R@50": 0.8213058419243985,
      "TWIG_MRR": 0.5472949599029964,
      "test_eval_count": 100,
      "test_QA_R@1": 0.3728333333333333,
      "test_QA_R@2": 0.4428333333333333,
      "test_QA_R@5": 0.523,
      "test_QA_R@10": 0.6063333333333333,
      "test_QA_R@50": 0.8495952380952381,
      "test_QA_MRR": 0.5619578264006264,
      "test_QA_nDCG@10": 0.5105387888754899,
      "test_TWIG_R@1": 0.3511666666666666,
      "test_TWIG_R@2": 0.4431666666666667,
      "test_TWIG_R@5": 0.5710000000000001,
      "test_TWIG_R@10": 0.6493333333333333,
      "test_TWIG_R@50": 0.8262619047619048,
      "test_TWIG_MRR": 0.5448014999795174
    },
    {
      "config": "A36",
      "code": 36,
      "binary": "100100",
      "label": "tt + sp",
      "num_edges": 2,
      "kept_edges": "similar_table, same_page",
      "elapsed_min": 2.3,
      "eval_count": 97,
      "QA_R@1": 0.4333333333333333,
      "QA_R@2": 0.45910652920962197,
      "QA_R@5": 0.5604810996563575,
      "QA_R@10": 0.6539518900343644,
      "QA_R@50": 0.8587628865979381,
      "QA_MRR": 0.607050128738814,
      "QA_nDCG@10": 0.564148349483823,
      "TWIG_R@1": 0.41237113402061853,
      "TWIG_R@2": 0.4642611683848798,
      "TWIG_R@5": 0.5415807560137458,
      "TWIG_R@10": 0.6360824742268042,
      "TWIG_R@50": 0.8804123711340208,
      "TWIG_MRR": 0.5600074602479151,
      "test_eval_count": 100,
      "test_QA_R@1": 0.4011666666666666,
      "test_QA_R@2": 0.5031666666666667,
      "test_QA_R@5": 0.6468333333333334,
      "test_QA_R@10": 0.7079999999999999,
      "test_QA_R@50": 0.8688571428571428,
      "test_QA_MRR": 0.6011523584611822,
      "test_QA_nDCG@10": 0.576618978522085,
      "test_TWIG_R@1": 0.35200000000000004,
      "test_TWIG_R@2": 0.4698333333333333,
      "test_TWIG_R@5": 0.6163333333333333,
      "test_TWIG_R@10": 0.6738333333333333,
      "test_TWIG_R@50": 0.8403333333333333,
      "test_TWIG_MRR": 0.5639970099226634
    },
    {
      "config": "A37",
      "code": 37,
      "binary": "100101",
      "label": "tt + sp + sc",
      "num_edges": 3,
      "kept_edges": "similar_table, same_page, shared_column_name",
      "elapsed_min": 1.9,
      "eval_count": 97,
      "QA_R@1": 0.4024054982817869,
      "QA_R@2": 0.48831615120274924,
      "QA_R@5": 0.6120274914089348,
      "QA_R@10": 0.6635738831615121,
      "QA_R@50": 0.8821305841924398,
      "QA_MRR": 0.599719393837494,
      "QA_nDCG@10": 0.5685789736923346,
      "TWIG_R@1": 0.4161512027491408,
      "TWIG_R@2": 0.465979381443299,
      "TWIG_R@5": 0.5587628865979383,
      "TWIG_R@10": 0.6481099656357389,
      "TWIG_R@50": 0.8580756013745705,
      "TWIG_MRR": 0.5785483886297857,
      "test_eval_count": 100,
      "test_QA_R@1": 0.35700000000000004,
      "test_QA_R@2": 0.46866666666666673,
      "test_QA_R@5": 0.6168333333333333,
      "test_QA_R@10": 0.6721666666666667,
      "test_QA_R@50": 0.855095238095238,
      "test_QA_MRR": 0.5713167371662135,
      "test_QA_nDCG@10": 0.5423851948595398,
      "test_TWIG_R@1": 0.382,
      "test_TWIG_R@2": 0.44983333333333336,
      "test_TWIG_R@5": 0.5788333333333333,
      "test_TWIG_R@10": 0.6521666666666667,
      "test_TWIG_R@50": 0.8657619047619047,
      "test_TWIG_MRR": 0.5624664783614771
    },
    {
      "config": "A38",
      "code": 38,
      "binary": "100110",
      "label": "tt + sp + cc",
      "num_edges": 3,
      "kept_edges": "similar_table, same_page, similar_content",
      "elapsed_min": 1.9,
      "eval_count": 97,
      "QA_R@1": 0.39381443298969065,
      "QA_R@2": 0.4642611683848797,
      "QA_R@5": 0.5630584192439864,
      "QA_R@10": 0.6627147766323024,
      "QA_R@50": 0.8398625429553266,
      "QA_MRR": 0.5735256849292946,
      "QA_nDCG@10": 0.5472607127240154,
      "TWIG_R@1": 0.42783505154639184,