{
  "experiment": "Query-Aware v2 Edge Ablation (A0-A63)",
  "dataset": "e2ewtq",
  "edge_types": [
    "similar_table",
    "has_column",
    "comes_from",
    "same_page",
    "similar_content",
    "shared_column_name"
  ],
  "edge_abbreviations": [
    "tt",
    "tc",
    "tp",
    "sp",
    "cc",
    "sc"
  ],
  "timestamp": "2026-06-03T17:56:10.530676",
  "twig_hps": {
    "LEARNING_RATE": 0.0005543418807199451,
    "HIDDEN_CHANNELS": 768,
    "DROPOUT": 0.10028905529000982,
    "WEIGHT_DECAY": 0.03217253330215496,
    "SAGE_AGGR": "min",
    "HETERO_AGGR": "max",
    "CLIP_GRAD_NORM": 0.6,
    "TEMP_START": 0.05,
    "TEMP_END": 0.03,
    "SMOOTH_START": 0.12,
    "SMOOTH_END": 0.06,
    "NUM_EPOCHS": 30,
    "WARMUP_EPOCHS": 2,
    "BATCH_SIZE": 128,
    "CHUNK_SIZE": 1024
  },
  "qa_hps": {
    "QUERY_EDGE_MODE": "E4",
    "BASE_LR": 0.0001,
    "QUERY_LR": 0.0005,
    "NUM_EPOCHS": 15,
    "SUBGRAPH_K": 30
  },
  "results": [
    {
      "config": "A56",
      "code": 56,
      "binary": "111000",
      "label": "tt + tc + tp",
      "num_edges": 3,
      "kept_edges": "similar_table, has_column, comes_from",
      "elapsed_min": 1.6,
      "eval_count": 60,
      "QA_R@1": 0.3,
      "QA_R@2": 0.45,
      "QA_R@5": 0.6833333333333333,
      "QA_R@10": 0.85,
      "QA_R@50": 1.0,
      "QA_MRR": 0.46616463397713387,
      "QA_nDCG@10": 0.5496166328600093,
      "TWIG_R@1": 0.23333333333333334,
      "TWIG_R@2": 0.4,
      "TWIG_R@5": 0.6666666666666666,
      "TWIG_R@10": 0.8666666666666667,
      "TWIG_R@50": 1.0,
      "TWIG_MRR": 0.4245662838480175,
      "test_eval_count": 61,
      "test_QA_R@1": 0.45901639344262296,
      "test_QA_R@2": 0.5737704918032787,
      "test_QA_R@5": 0.7377049180327869,
      "test_QA_R@10": 0.8688524590163934,
      "test_QA_R@50": 1.0,
      "test_QA_MRR": 0.5903377254196925,
      "test_QA_nDCG@10": 0.6508599368034422,
      "test_TWIG_R@1": 0.45901639344262296,
      "test_TWIG_R@2": 0.6229508196721312,
      "test_TWIG_R@5": 0.7704918032786885,
      "test_TWIG_R@10": 0.8688524590163934,
      "test_TWIG_R@50": 0.9672131147540983,
      "test_TWIG_MRR": 0.6010167870902221
    },
    {
      "config": "A57",
      "code": 57,
      "binary": "111001",
      "label": "tt + tc + tp + sc",
      "num_edges": 4,
      "kept_edges": "similar_table, has_column, comes_from, shared_column_name",
      "elapsed_min": 1.7,
      "eval_count": 60,
      "QA_R@1": 0.31666666666666665,
      "QA_R@2": 0.4666666666666667,
      "QA_R@5": 0.7166666666666667,
      "QA_R@10": 0.8666666666666667,
      "QA_R@50": 1.0,
      "QA_MRR": 0.49048642219294386,
      "QA_nDCG@10": 0.5743036375702791,
      "TWIG_R@1": 0.3333333333333333,
      "TWIG_R@2": 0.4666666666666667,
      "TWIG_R@5": 0.6833333333333333,
      "TWIG_R@10": 0.85,
      "TWIG_R@50": 1.0,
      "TWIG_MRR": 0.49174431639988914,
      "test_eval_count": 61,
      "test_QA_R@1": 0.4098360655737705,
      "test_QA_R@2": 0.5245901639344263,
      "test_QA_R@5": 0.7540983606557377,
      "test_QA_R@10": 0.8852459016393442,
      "test_QA_R@50": 1.0,
      "test_QA_MRR": 0.5627587366611192,
      "test_QA_nDCG@10": 0.6353952874916055,
      "test_TWIG_R@1": 0.36065573770491804,
      "test_TWIG_R@2": 0.5409836065573771,
      "test_TWIG_R@5": 0.6885245901639344,
      "test_TWIG_R@10": 0.8360655737704918,
      "test_TWIG_R@50": 1.0,
      "test_TWIG_MRR": 0.5199258860920735
    },
    {
      "config": "A58",
      "code": 58,
      "binary": "111010",
      "label": "tt + tc + tp + cc",
      "num_edges": 4,
      "kept_edges": "similar_table, has_column, comes_from, similar_content",
      "elapsed_min": 1.9,
      "eval_count": 60,
      "QA_R@1": 0.2833333333333333,
      "QA_R@2": 0.45,
      "QA_R@5": 0.65,
      "QA_R@10": 0.7833333333333333,
      "QA_R@50": 1.0,
      "QA_MRR": 0.46074848649445416,
      "QA_nDCG@10": 0.5281865934060558,
      "TWIG_R@1": 0.43333333333333335,
      "TWIG_R@2": 0.5666666666666667,
      "TWIG_R@5": 0.7333333333333333,
      "TWIG_R@10": 0.8833333333333333,
      "TWIG_R@50": 1.0,
      "TWIG_MRR": 0.5655356997499853,
      "test_eval_count": 61,
      "test_QA_R@1": 0.3114754098360656,
      "test_QA_R@2": 0.4918032786885246,
      "test_QA_R@5": 0.7213114754098361,
      "test_QA_R@10": 0.8688524590163934,
      "test_QA_R@50": 1.0,
      "test_QA_MRR": 0.4910142517717451,
      "test_QA_nDCG@10": 0.5766068269584728,
      "test_TWIG_R@1": 0.3114754098360656,
      "test_TWIG_R@2": 0.5245901639344263,
      "test_TWIG_R@5": 0.7377049180327869,
      "test_TWIG_R@10": 0.9016393442622951,
      "test_TWIG_R@50": 1.0,
      "test_TWIG_MRR": 0.4993605047901293
    },
    {
      "config": "A59",
      "code": 59,
      "binary": "111011",
      "label": "tt + tc + tp + cc + sc",
      "num_edges": 5,
      "kept_edges": "similar_table, has_column, comes_from, similar_content, shared_column_name",
      "elapsed_min": 3.4,
      "eval_count": 60,
      "QA_R@1": 0.3,
      "QA_R@2": 0.4666666666666667,
      "QA_R@5": 0.5666666666666667,
      "QA_R@10": 0.7666666666666667,
      "QA_R@50": 1.0,
      "QA_MRR": 0.4519166388105961,
      "QA_nDCG@10": 0.515409097696555,
      "TWIG_R@1": 0.36666666666666664,
      "TWIG_R@2": 0.48333333333333334,
      "TWIG_R@5": 0.75,
      "TWIG_R@10": 0.9,
      "TWIG_R@50": 1.0,
      "TWIG_MRR": 0.5175808383262743,
      "test_eval_count": 61,
      "test_QA_R@1": 0.32786885245901637,
      "test_QA_R@2": 0.4098360655737705,
      "test_QA_R@5": 0.6065573770491803,
      "test_QA_R@10": 0.819672131147541,
      "test_QA_R@50": 0.9836065573770492,
      "test_QA_MRR": 0.4605902929974771,
      "test_QA_nDCG@10": 0.5384444092862116,
      "test_TWIG_R@1": 0.4098360655737705,
      "test_TWIG_R@2": 0.5245901639344263,
      "test_TWIG_R@5": 0.8524590163934426,
      "test_TWIG_R@10": 0.9180327868852459,
      "test_TWIG_R@50": 1.0,
      "test_TWIG_MRR": 0.5711937194296424
    }
  ]
}