{
  "experiment": "Query-Aware v2 Edge Ablation (A0-A63)",
  "dataset": "mimo_en",
  "edge_types": [
    "similar_table",
    "has_column",
    "comes_from",
    "same_page",
    "similar_content",
    "shared_column_name"
  ],
  "edge_abbreviations": [
    "tt",
    "tc",
    "tp",
    "sp",
    "cc",
    "sc"
  ],
  "timestamp": "2026-06-03T18:07:27.251303",
  "twig_hps": {
    "LEARNING_RATE": 0.0005543418807199451,
    "HIDDEN_CHANNELS": 768,
    "DROPOUT": 0.10028905529000982,
    "WEIGHT_DECAY": 0.03217253330215496,
    "SAGE_AGGR": "min",
    "HETERO_AGGR": "max",
    "CLIP_GRAD_NORM": 0.6,
    "TEMP_START": 0.05,
    "TEMP_END": 0.03,
    "SMOOTH_START": 0.12,
    "SMOOTH_END": 0.06,
    "NUM_EPOCHS": 30,
    "WARMUP_EPOCHS": 2,
    "BATCH_SIZE": 128,
    "CHUNK_SIZE": 1024
  },
  "qa_hps": {
    "QUERY_EDGE_MODE": "E4",
    "BASE_LR": 0.0001,
    "QUERY_LR": 0.0005,
    "NUM_EPOCHS": 15,
    "SUBGRAPH_K": 30
  },
  "results": [
    {
      "config": "A44",
      "code": 44,
      "binary": "101100",
      "label": "tt + tp + sp",
      "num_edges": 3,
      "kept_edges": "similar_table, comes_from, same_page",
      "elapsed_min": 1.2,
      "eval_count": 64,
      "QA_R@1": 0.33489583333333334,
      "QA_R@2": 0.5,
      "QA_R@5": 0.6276041666666666,
      "QA_R@10": 0.6953125,
      "QA_R@50": 0.8890625,
      "QA_MRR": 0.533872947246109,
      "QA_nDCG@10": 0.5465861845263207,
      "TWIG_R@1": 0.2958333333333333,
      "TWIG_R@2": 0.41666666666666663,
      "TWIG_R@5": 0.5723958333333333,
      "TWIG_R@10": 0.6536458333333333,
      "TWIG_R@50": 0.9046875,
      "TWIG_MRR": 0.46542109166681284,
      "test_eval_count": 63,
      "test_QA_R@1": 0.35767195767195764,
      "test_QA_R@2": 0.5076719576719576,
      "test_QA_R@5": 0.6161375661375662,
      "test_QA_R@10": 0.6701058201058201,
      "test_QA_R@50": 0.9100529100529101,
      "test_QA_MRR": 0.5786382936194966,
      "test_QA_nDCG@10": 0.54705915248969,
      "test_TWIG_R@1": 0.2624338624338624,
      "test_TWIG_R@2": 0.38068783068783063,
      "test_TWIG_R@5": 0.53994708994709,
      "test_TWIG_R@10": 0.6931216931216934,
      "test_TWIG_R@50": 0.9259259259259259,
      "test_TWIG_MRR": 0.47098819963519384
    },
    {
      "config": "A45",
      "code": 45,
      "binary": "101101",
      "label": "tt + tp + sp + sc",
      "num_edges": 4,
      "kept_edges": "similar_table, comes_from, same_page, shared_column_name",
      "elapsed_min": 1.1,
      "eval_count": 64,
      "QA_R@1": 0.3552083333333333,
      "QA_R@2": 0.41822916666666665,
      "QA_R@5": 0.5869791666666666,
      "QA_R@10": 0.6791666666666667,
      "QA_R@50": 0.94375,
      "QA_MRR": 0.5112490796089503,
      "QA_nDCG@10": 0.5267977664731646,
      "TWIG_R@1": 0.3395833333333333,
      "TWIG_R@2": 0.4520833333333333,
      "TWIG_R@5": 0.5484374999999999,
      "TWIG_R@10": 0.6770833333333333,
      "TWIG_R@50": 0.9359375,
      "TWIG_MRR": 0.5016605473800563,
      "test_eval_count": 63,
      "test_QA_R@1": 0.3386243386243386,
      "test_QA_R@2": 0.4621693121693122,
      "test_QA_R@5": 0.6121693121693123,
      "test_QA_R@10": 0.7415343915343916,
      "test_QA_R@50": 0.9285714285714286,
      "test_QA_MRR": 0.5352638939856095,
      "test_QA_nDCG@10": 0.549403967955033,
      "test_TWIG_R@1": 0.2777777777777778,
      "test_TWIG_R@2": 0.4351851851851852,
      "test_TWIG_R@5": 0.5851851851851851,
      "test_TWIG_R@10": 0.7240740740740742,
      "test_TWIG_R@50": 0.965079365079365,
      "test_TWIG_MRR": 0.4931681094588362
    },
    {
      "config": "A46",
      "code": 46,
      "binary": "101110",
      "label": "tt + tp + sp + cc",
      "num_edges": 4,
      "kept_edges": "similar_table, comes_from, same_page, similar_content",
      "elapsed_min": 1.2,
      "eval_count": 64,
      "QA_R@1": 0.3864583333333333,
      "QA_R@2": 0.4989583333333333,
      "QA_R@5": 0.5942708333333333,
      "QA_R@10": 0.7114583333333333,
      "QA_R@50": 0.9510416666666666,
      "QA_MRR": 0.5529863315065521,
      "QA_nDCG@10": 0.5630162272215966,
      "TWIG_R@1": 0.3161458333333333,
      "TWIG_R@2": 0.4208333333333333,
      "TWIG_R@5": 0.58125,
      "TWIG_R@10": 0.6671874999999999,
      "TWIG_R@50": 0.9484374999999999,
      "TWIG_MRR": 0.48515157207585374,
      "test_eval_count": 63,
      "test_QA_R@1": 0.43306878306878305,
      "test_QA_R@2": 0.48862433862433857,
      "test_QA_R@5": 0.616931216931217,
      "test_QA_R@10": 0.751851851851852,
      "test_QA_R@50": 0.9761904761904762,
      "test_QA_MRR": 0.6091587620375223,
      "test_QA_nDCG@10": 0.596676324073264,
      "test_TWIG_R@1": 0.38544973544973543,
      "test_TWIG_R@2": 0.4727513227513227,
      "test_TWIG_R@5": 0.6328042328042329,
      "test_TWIG_R@10": 0.7359788359788361,
      "test_TWIG_R@50": 0.9523809523809523,
      "test_TWIG_MRR": 0.5823620212316389
    },
    {
      "config": "A47",
      "code": 47,
      "binary": "101111",
      "label": "tt + tp + sp + cc + sc",
      "num_edges": 5,
      "kept_edges": "similar_table, comes_from, same_page, similar_content, shared_column_name",
      "elapsed_min": 1.0,
      "eval_count": 64,
      "QA_R@1": 0.3708333333333333,
      "QA_R@2": 0.4598958333333333,
      "QA_R@5": 0.6078125,
      "QA_R@10": 0.7203124999999999,
      "QA_R@50": 0.9197916666666666,
      "QA_MRR": 0.5409525688431938,
      "QA_nDCG@10": 0.554150277244872,
      "TWIG_R@1": 0.3395833333333333,
      "TWIG_R@2": 0.4364583333333333,
      "TWIG_R@5": 0.5890625,
      "TWIG_R@10": 0.6963541666666666,
      "TWIG_R@50": 0.9041666666666666,
      "TWIG_MRR": 0.5101335612196892,
      "test_eval_count": 63,
      "test_QA_R@1": 0.3814814814814815,
      "test_QA_R@2": 0.5425925925925925,
      "test_QA_R@5": 0.6105820105820106,
      "test_QA_R@10": 0.7074074074074075,
      "test_QA_R@50": 0.9285714285714286,
      "test_QA_MRR": 0.5859687251491074,
      "test_QA_nDCG@10": 0.5713017780693366,
      "test_TWIG_R@1": 0.36243386243386244,
      "test_TWIG_R@2": 0.5283068783068783,
      "test_TWIG_R@5": 0.6264550264550265,
      "test_TWIG_R@10": 0.7486772486772487,
      "test_TWIG_R@50": 0.9497354497354497,
      "test_TWIG_MRR": 0.5747010286817252
    },
    {
      "config": "A48",
      "code": 48,
      "binary": "110000",
      "label": "tt + tc",
      "num_edges": 2,
      "kept_edges": "similar_table, has_column",
      "elapsed_min": 1.2,
      "eval_count": 64,
      "QA_R@1": 0.3552083333333333,
      "QA_R@2": 0.48124999999999996,
      "QA_R@5": 0.61875,
      "QA_R@10": 0.6744791666666667,
      "QA_R@50": 0.9005208333333333,
      "QA_MRR": 0.5385486168075834,
      "QA_nDCG@10": 0.5368182234060509,
      "TWIG_R@1": 0.38125,
      "TWIG_R@2": 0.4833333333333333,
      "TWIG_R@5": 0.5885416666666667,
      "TWIG_R@10": 0.6984375,
      "TWIG_R@50": 0.9510416666666666,
      "TWIG_MRR": 0.5325257687098466,
      "test_eval_count": 63,
      "test_QA_R@1": 0.3259259259259259,
      "test_QA_R@2": 0.4171957671957672,
      "test_QA_R@5": 0.6161375661375662,
      "test_QA_R@10": 0.7693121693121694,
      "test_QA_R@50": 0.9629629629629629,
      "test_QA_MRR": 0.5332765474560849,
      "test_QA_nDCG@10": 0.5473370253117239,
      "test_TWIG_R@1": 0.3365079365079365,
      "test_TWIG_R@2": 0.403968253968254,
      "test_TWIG_R@5": 0.5843915343915344,
      "test_TWIG_R@10": 0.6875661375661376,
      "test_TWIG_R@50": 0.8960317460317461,
      "test_TWIG_MRR": 0.5166248208471095
    },
    {
      "config": "A49",
      "code": 49,
      "binary": "110001",
      "label": "tt + tc + sc",
      "num_edges": 3,
      "kept_edges": "similar_table, has_column, shared_column_name",
      "elapsed_min": 1.1,
      "eval_count": 64,
      "QA_R@1": 0.4020833333333333,
      "QA_R@2": 0.4802083333333333,
      "QA_R@5": 0.5916666666666667,
      "QA_R@10": 0.7026041666666667,
      "QA_R@50": 0.9489583333333333,
      "QA_MRR": 0.557811677719763,
      "QA_nDCG@10": 0.5595135125482977,