{
  "experiment": "Query-Aware v2 Edge Ablation (A0-A63)",
  "dataset": "ottqa",
  "edge_types": [
    "similar_table",
    "has_column",
    "comes_from",
    "same_page",
    "similar_content",
    "shared_column_name"
  ],
  "edge_abbreviations": [
    "tt",
    "tc",
    "tp",
    "sp",
    "cc",
    "sc"
  ],
  "timestamp": "2026-06-04T11:38:32.930431",
  "twig_hps": {
    "LEARNING_RATE": 0.0005543418807199451,
    "HIDDEN_CHANNELS": 768,
    "DROPOUT": 0.10028905529000982,
    "WEIGHT_DECAY": 0.03217253330215496,
    "SAGE_AGGR": "min",
    "HETERO_AGGR": "max",
    "CLIP_GRAD_NORM": 0.6,
    "TEMP_START": 0.05,
    "TEMP_END": 0.03,
    "SMOOTH_START": 0.12,
    "SMOOTH_END": 0.06,
    "NUM_EPOCHS": 30,
    "WARMUP_EPOCHS": 2,
    "BATCH_SIZE": 128,
    "CHUNK_SIZE": 1024
  },
  "qa_hps": {
    "QUERY_EDGE_MODE": "E4",
    "BASE_LR": 0.0001,
    "QUERY_LR": 0.0005,
    "NUM_EPOCHS": 15,
    "SUBGRAPH_K": 30
  },
  "results": [
    {
      "config": "A57",
      "code": 57,
      "binary": "111001",
      "label": "tt + tc + tp + sc",
      "num_edges": 4,
      "kept_edges": "similar_table, has_column, comes_from, shared_column_name",
      "elapsed_min": 231.7,
      "eval_count": 553,
      "QA_R@1": 0.8734177215189873,
      "QA_R@2": 0.9421338155515371,
      "QA_R@5": 0.9873417721518988,
      "QA_R@10": 0.9927667269439421,
      "QA_R@50": 1.0,
      "QA_MRR": 0.9225740353678867,
      "QA_nDCG@10": 0.9400650442177212,
      "TWIG_R@1": 0.8028933092224232,
      "TWIG_R@2": 0.895117540687161,
      "TWIG_R@5": 0.972875226039783,
      "TWIG_R@10": 0.9909584086799277,
      "TWIG_R@50": 1.0,
      "TWIG_MRR": 0.8761284701836234,
      "test_eval_count": 554,
      "test_QA_R@1": 0.868231046931408,
      "test_QA_R@2": 0.9386281588447654,
      "test_QA_R@5": 0.9765342960288809,
      "test_QA_R@10": 0.9873646209386282,
      "test_QA_R@50": 0.9963898916967509,
      "test_QA_MRR": 0.9158320977647648,
      "test_QA_nDCG@10": 0.9332929986089594,
      "test_TWIG_R@1": 0.8122743682310469,
      "test_TWIG_R@2": 0.9151624548736462,
      "test_TWIG_R@5": 0.9693140794223827,
      "test_TWIG_R@10": 0.9819494584837545,
      "test_TWIG_R@50": 1.0,
      "test_TWIG_MRR": 0.8816365793716651
    },
    {
      "config": "A58",
      "code": 58,
      "binary": "111010",
      "label": "tt + tc + tp + cc",
      "num_edges": 4,
      "kept_edges": "similar_table, has_column, comes_from, similar_content",
      "elapsed_min": 232.2,
      "eval_count": 553,
      "QA_R@1": 0.864376130198915,
      "QA_R@2": 0.9330922242314648,
      "QA_R@5": 0.9855334538878843,
      "QA_R@10": 0.9909584086799277,
      "QA_R@50": 0.9981916817359855,
      "QA_MRR": 0.9158176513058971,
      "QA_nDCG@10": 0.9343700357022344,
      "TWIG_R@1": 0.8372513562386981,
      "TWIG_R@2": 0.9240506329113924,
      "TWIG_R@5": 0.9656419529837251,
      "TWIG_R@10": 0.9891500904159132,
      "TWIG_R@50": 1.0,
      "TWIG_MRR": 0.8963856850757179,
      "test_eval_count": 554,
      "test_QA_R@1": 0.8862815884476535,
      "test_QA_R@2": 0.9350180505415162,
      "test_QA_R@5": 0.9747292418772563,
      "test_QA_R@10": 0.98014440433213,
      "test_QA_R@50": 0.9981949458483754,
      "test_QA_MRR": 0.9234788035008165,
      "test_QA_nDCG@10": 0.9367711917505334,
      "test_TWIG_R@1": 0.8574007220216606,
      "test_TWIG_R@2": 0.924187725631769,
      "test_TWIG_R@5": 0.9638989169675091,
      "test_TWIG_R@10": 0.98014440433213,
      "test_TWIG_R@50": 0.9981949458483754,
      "test_TWIG_MRR": 0.9048134827980214
    },
    {
      "config": "A59",
      "code": 59,
      "binary": "111011",
      "label": "tt + tc + tp + cc + sc",
      "num_edges": 5,
      "kept_edges": "similar_table, has_column, comes_from, similar_content, shared_column_name",
      "elapsed_min": 98.2,
      "eval_count": 553,
      "QA_R@1": 0.8499095840867993,
      "QA_R@2": 0.9330922242314648,
      "QA_R@5": 0.9855334538878843,
      "QA_R@10": 0.9963833634719711,
      "QA_R@50": 1.0,
      "QA_MRR": 0.9085447093899014,
      "QA_nDCG@10": 0.9304407838956248,
      "TWIG_R@1": 0.8155515370705244,
      "TWIG_R@2": 0.9095840867992767,
      "TWIG_R@5": 0.9656419529837251,
      "TWIG_R@10": 0.9927667269439421,
      "TWIG_R@50": 0.9981916817359855,
      "TWIG_MRR": 0.883623845513538,
      "test_eval_count": 554,
      "test_QA_R@1": 0.8592057761732852,
      "test_QA_R@2": 0.9314079422382672,
      "test_QA_R@5": 0.9765342960288809,
      "test_QA_R@10": 0.9891696750902527,
      "test_QA_R@50": 0.9981949458483754,
      "test_QA_MRR": 0.9110455117409058,
      "test_QA_nDCG@10": 0.9302732046056735,
      "test_TWIG_R@1": 0.8014440433212996,
      "test_TWIG_R@2": 0.9025270758122743,
      "test_TWIG_R@5": 0.9638989169675091,
      "test_TWIG_R@10": 0.9873646209386282,
      "test_TWIG_R@50": 1.0,
      "test_TWIG_MRR": 0.8742503325785194
    }
  ]
}