config,code,binary,label,num_edges,kept_edges,QA_R@1,QA_R@5,QA_R@10,QA_MRR,QA_nDCG@10,TWIG_R@1,TWIG_R@5,TWIG_R@10,TWIG_MRR,twig_best_epoch,qa_best_epoch,elapsed_min
A57,57,111001,tt + tc + tp + sc,4,"similar_table, has_column, comes_from, shared_column_name",0.8734177215189873,0.9873417721518988,0.9927667269439421,0.9225740353678867,0.9400650442177212,0.8028933092224232,0.972875226039783,0.9909584086799277,0.8761284701836234,,,231.7
A58,58,111010,tt + tc + tp + cc,4,"similar_table, has_column, comes_from, similar_content",0.864376130198915,0.9855334538878843,0.9909584086799277,0.9158176513058971,0.9343700357022344,0.8372513562386981,0.9656419529837251,0.9891500904159132,0.8963856850757179,,,232.2
A59,59,111011,tt + tc + tp + cc + sc,5,"similar_table, has_column, comes_from, similar_content, shared_column_name",0.8499095840867993,0.9855334538878843,0.9963833634719711,0.9085447093899014,0.9304407838956248,0.8155515370705244,0.9656419529837251,0.9927667269439421,0.883623845513538,,,98.2
