{
  "experiment": "Query-Aware v2 Edge Ablation (A0-A63)",
  "dataset": "mimo_ch",
  "edge_types": [
    "similar_table",
    "has_column",
    "comes_from",
    "same_page",
    "similar_content",
    "shared_column_name"
  ],
  "edge_abbreviations": [
    "tt",
    "tc",
    "tp",
    "sp",
    "cc",
    "sc"
  ],
  "timestamp": "2026-06-03T18:27:31.401893",
  "twig_hps": {
    "LEARNING_RATE": 0.0005543418807199451,
    "HIDDEN_CHANNELS": 768,
    "DROPOUT": 0.10028905529000982,
    "WEIGHT_DECAY": 0.03217253330215496,
    "SAGE_AGGR": "min",
    "HETERO_AGGR": "max",
    "CLIP_GRAD_NORM": 0.6,
    "TEMP_START": 0.05,
    "TEMP_END": 0.03,
    "SMOOTH_START": 0.12,
    "SMOOTH_END": 0.06,
    "NUM_EPOCHS": 30,
    "WARMUP_EPOCHS": 2,
    "BATCH_SIZE": 128,
    "CHUNK_SIZE": 1024
  },
  "qa_hps": {
    "QUERY_EDGE_MODE": "E4",
    "BASE_LR": 0.0001,
    "QUERY_LR": 0.0005,
    "NUM_EPOCHS": 15,
    "SUBGRAPH_K": 30
  },
  "results": [
    {
      "config": "A44",
      "code": 44,
      "binary": "101100",
      "label": "tt + tp + sp",
      "num_edges": 3,
      "kept_edges": "similar_table, comes_from, same_page",
      "elapsed_min": 1.9,
      "eval_count": 97,
      "QA_R@1": 0.45738831615120273,
      "QA_R@2": 0.49896907216494846,
      "QA_R@5": 0.5659793814432991,
      "QA_R@10": 0.6664948453608248,
      "QA_R@50": 0.850515463917526,
      "QA_MRR": 0.6412504734669684,
      "QA_nDCG@10": 0.5868763865357458,
      "TWIG_R@1": 0.4127147766323024,
      "TWIG_R@2": 0.479725085910653,
      "TWIG_R@5": 0.5570446735395191,
      "TWIG_R@10": 0.6604810996563575,
      "TWIG_R@50": 0.8769759450171821,
      "TWIG_MRR": 0.5982956511946289,
      "test_eval_count": 100,
      "test_QA_R@1": 0.4428333333333334,
      "test_QA_R@2": 0.5006666666666666,
      "test_QA_R@5": 0.6314285714285715,
      "test_QA_R@10": 0.7018809523809523,
      "test_QA_R@50": 0.8786666666666667,
      "test_QA_MRR": 0.6241743218753859,
      "test_QA_nDCG@10": 0.5984218887973121,
      "test_TWIG_R@1": 0.4103333333333333,
      "test_TWIG_R@2": 0.48733333333333334,
      "test_TWIG_R@5": 0.6001666666666666,
      "test_TWIG_R@10": 0.6816666666666665,
      "test_TWIG_R@50": 0.8846190476190476,
      "test_TWIG_MRR": 0.6008209932682551
    },
    {
      "config": "A45",
      "code": 45,
      "binary": "101101",
      "label": "tt + tp + sp + sc",
      "num_edges": 4,
      "kept_edges": "similar_table, comes_from, same_page, shared_column_name",
      "elapsed_min": 2.9,
      "eval_count": 97,
      "QA_R@1": 0.44020618556701024,
      "QA_R@2": 0.4986254295532648,
      "QA_R@5": 0.5759450171821308,
      "QA_R@10": 0.6807560137457046,
      "QA_R@50": 0.8786941580756013,
      "QA_MRR": 0.6189443567857819,
      "QA_nDCG@10": 0.5809687043305186,
      "TWIG_R@1": 0.3766323024054983,
      "TWIG_R@2": 0.4359106529209622,
      "TWIG_R@5": 0.5862542955326461,
      "TWIG_R@10": 0.6833333333333335,
      "TWIG_R@50": 0.847766323024055,
      "TWIG_MRR": 0.5641541407708632,
      "test_eval_count": 100,
      "test_QA_R@1": 0.4303333333333333,
      "test_QA_R@2": 0.5056666666666667,
      "test_QA_R@5": 0.6113333333333333,
      "test_QA_R@10": 0.675,
      "test_QA_R@50": 0.867547619047619,
      "test_QA_MRR": 0.6152037155291379,
      "test_QA_nDCG@10": 0.5778449861251437,
      "test_TWIG_R@1": 0.3428333333333333,
      "test_TWIG_R@2": 0.4173333333333333,
      "test_TWIG_R@5": 0.5971666666666667,
      "test_TWIG_R@10": 0.6821666666666667,
      "test_TWIG_R@50": 0.8483571428571429,
      "test_TWIG_MRR": 0.5430850504579903
    },
    {
      "config": "A46",
      "code": 46,
      "binary": "101110",
      "label": "tt + tp + sp + cc",
      "num_edges": 4,
      "kept_edges": "similar_table, comes_from, same_page, similar_content",
      "elapsed_min": 2.1,
      "eval_count": 97,
      "QA_R@1": 0.479725085910653,
      "QA_R@2": 0.5003436426116838,
      "QA_R@5": 0.593127147766323,
      "QA_R@10": 0.6635738831615121,
      "QA_R@50": 0.8623711340206186,
      "QA_MRR": 0.6512436577557587,
      "QA_nDCG@10": 0.5985750304410341,
      "TWIG_R@1": 0.41099656357388314,
      "TWIG_R@2": 0.4745704467353952,
      "TWIG_R@5": 0.5596219931271479,
      "TWIG_R@10": 0.6738831615120275,
      "TWIG_R@50": 0.8512027491408934,
      "TWIG_MRR": 0.5955471532502671,
      "test_eval_count": 100,
      "test_QA_R@1": 0.41783333333333333,
      "test_QA_R@2": 0.44733333333333336,
      "test_QA_R@5": 0.5755,
      "test_QA_R@10": 0.668595238095238,
      "test_QA_R@50": 0.8786428571428572,
      "test_QA_MRR": 0.591727938370047,
      "test_QA_nDCG@10": 0.5583321580974296,
      "test_TWIG_R@1": 0.3995,
      "test_TWIG_R@2": 0.4981666666666667,
      "test_TWIG_R@5": 0.6285000000000001,
      "test_TWIG_R@10": 0.6813333333333332,
      "test_TWIG_R@50": 0.8725952380952381,
      "test_TWIG_MRR": 0.5989923404888711
    },
    {
      "config": "A47",
      "code": 47,
      "binary": "101111",
      "label": "tt + tp + sp + cc + sc",
      "num_edges": 5,
      "kept_edges": "similar_table, comes_from, same_page, similar_content, shared_column_name",
      "elapsed_min": 1.5,
      "eval_count": 97,
      "QA_R@1": 0.44364261168384883,
      "QA_R@2": 0.520446735395189,
      "QA_R@5": 0.6054982817869417,
      "QA_R@10": 0.6561855670103094,
      "QA_R@50": 0.820618556701031,
      "QA_MRR": 0.6295794337714923,
      "QA_nDCG@10": 0.5871738875072952,
      "TWIG_R@1": 0.42646048109965645,
      "TWIG_R@2": 0.4814432989690722,
      "TWIG_R@5": 0.5647766323024056,
      "TWIG_R@10": 0.6609965635738833,
      "TWIG_R@50": 0.8548109965635737,
      "TWIG_MRR": 0.5994147093506111,
      "test_eval_count": 100,
      "test_QA_R@1": 0.3928333333333333,
      "test_QA_R@2": 0.4723333333333333,
      "test_QA_R@5": 0.613,
      "test_QA_R@10": 0.677,
      "test_QA_R@50": 0.8645238095238096,
      "test_QA_MRR": 0.5904245710757646,
      "test_QA_nDCG@10": 0.5575776234208977,
      "test_TWIG_R@1": 0.3703333333333333,
      "test_TWIG_R@2": 0.4531666666666667,
      "test_TWIG_R@5": 0.5626666666666668,
      "test_TWIG_R@10": 0.6758333333333334,
      "test_TWIG_R@50": 0.8485952380952381,
      "test_TWIG_MRR": 0.5695056832410976
    },
    {
      "config": "A48",
      "code": 48,
      "binary": "110000",
      "label": "tt + tc",
      "num_edges": 2,
      "kept_edges": "similar_table, has_column",
      "elapsed_min": 1.6,
      "eval_count": 97,
      "QA_R@1": 0.42646048109965634,
      "QA_R@2": 0.5149484536082475,
      "QA_R@5": 0.5673539518900345,
      "QA_R@10": 0.6756013745704467,
      "QA_R@50": 0.8434707903780069,
      "QA_MRR": 0.6257997076795881,
      "QA_nDCG@10": 0.5816991197231112,
      "TWIG_R@1": 0.3903780068728522,
      "TWIG_R@2": 0.4642611683848797,
      "TWIG_R@5": 0.5467353951890035,
      "TWIG_R@10": 0.6524054982817871,
      "TWIG_R@50": 0.881786941580756,
      "TWIG_MRR": 0.5737523787475411,
      "test_eval_count": 100,
      "test_QA_R@1": 0.3836666666666666,
      "test_QA_R@2": 0.4731666666666667,
      "test_QA_R@5": 0.5993333333333333,
      "test_QA_R@10": 0.6853333333333333,
      "test_QA_R@50": 0.8716190476190476,
      "test_QA_MRR": 0.5926936741684001,
      "test_QA_nDCG@10": 0.5583616987392505,
      "test_TWIG_R@1": 0.3786666666666666,
      "test_TWIG_R@2": 0.49116666666666675,
      "test_TWIG_R@5": 0.6201666666666668,
      "test_TWIG_R@10": 0.6621666666666667,
      "test_TWIG_R@50": 0.8557857142857144,
      "test_TWIG_MRR": 0.5872611403004946
    },
    {
      "config": "A49",
      "code": 49,
      "binary": "110001",
      "label": "tt + tc + sc",
      "num_edges": 3,
      "kept_edges": "similar_table, has_column, shared_column_name",
      "elapsed_min": 2.4,
      "eval_count": 97,
      "QA_R@1": 0.4316151202749141,
      "QA_R@2": 0.5192439862542956,
      "QA_R@5": 0.5871134020618558,
      "QA_R@10": 0.6635738831615121,
      "QA_R@50": 0.8780068728522338,
      "QA_MRR": 0.6223116947526176,