LEARNING_RATE,HIDDEN_CHANNELS,DROPOUT,WEIGHT_DECAY,MRR,Recall@1,Recall@5,Recall@10,Best_Epoch
0.0005543418807199451,768,0.10028905529000982,0.03217253330215496,0.9753208375548801,0.955420466058764,0.9979736575481256,0.9796747967479674,3
