{
  "dataset": "mimo_ch",
  "corpus": "full (train+dev+test)",
  "n_tables": 458,
  "eval_count": 100,
  "best_edges": [
    "has_column",
    "comes_from",
    "same_page"
  ],
  "TWIG_R@1": 0.35033333333333333,
  "TWIG_R@2": 0.39483333333333326,
  "TWIG_R@5": 0.48216666666666663,
  "TWIG_R@10": 0.5708333333333333,
  "TWIG_R@50": 0.7494999999999998,
  "TWIG_MRR": 0.5201111870784438,
  "QA_R@1": 0.36033333333333334,
  "QA_R@2": 0.42566666666666664,
  "QA_R@5": 0.5073333333333333,
  "QA_R@10": 0.5751666666666666,
  "QA_R@50": 0.7198333333333332,
  "QA_MRR": 0.5366695404623796,
  "QA_nDCG@10": 0.4864519605312924
}