{
  "experiment": "Query-Aware v2 Edge Ablation (A0-A63)",
  "dataset": "e2ewtq",
  "edge_types": [
    "similar_table",
    "has_column",
    "comes_from",
    "same_page",
    "similar_content",
    "shared_column_name"
  ],
  "edge_abbreviations": [
    "tt",
    "tc",
    "tp",
    "sp",
    "cc",
    "sc"
  ],
  "timestamp": "2026-06-03T18:05:03.295527",
  "twig_hps": {
    "LEARNING_RATE": 0.0005543418807199451,
    "HIDDEN_CHANNELS": 768,
    "DROPOUT": 0.10028905529000982,
    "WEIGHT_DECAY": 0.03217253330215496,
    "SAGE_AGGR": "min",
    "HETERO_AGGR": "max",
    "CLIP_GRAD_NORM": 0.6,
    "TEMP_START": 0.05,
    "TEMP_END": 0.03,
    "SMOOTH_START": 0.12,
    "SMOOTH_END": 0.06,
    "NUM_EPOCHS": 30,
    "WARMUP_EPOCHS": 2,
    "BATCH_SIZE": 128,
    "CHUNK_SIZE": 1024
  },
  "qa_hps": {
    "QUERY_EDGE_MODE": "E4",
    "BASE_LR": 0.0001,
    "QUERY_LR": 0.0005,
    "NUM_EPOCHS": 15,
    "SUBGRAPH_K": 30
  },
  "results": [
    {
      "config": "A33",
      "code": 33,
      "binary": "100001",
      "label": "tt + sc",
      "num_edges": 2,
      "kept_edges": "similar_table, shared_column_name",
      "elapsed_min": 2.4,
      "eval_count": 60,
      "QA_R@1": 0.23333333333333334,
      "QA_R@2": 0.3,
      "QA_R@5": 0.55,
      "QA_R@10": 0.7666666666666667,
      "QA_R@50": 1.0,
      "QA_MRR": 0.377052741582993,
      "QA_nDCG@10": 0.4593243686973523,
      "TWIG_R@1": 0.21666666666666667,
      "TWIG_R@2": 0.38333333333333336,
      "TWIG_R@5": 0.6166666666666667,
      "TWIG_R@10": 0.8,
      "TWIG_R@50": 1.0,
      "TWIG_MRR": 0.401663317427117,
      "test_eval_count": 61,
      "test_QA_R@1": 0.2459016393442623,
      "test_QA_R@2": 0.4262295081967213,
      "test_QA_R@5": 0.7049180327868853,
      "test_QA_R@10": 0.7704918032786885,
      "test_QA_R@50": 1.0,
      "test_QA_MRR": 0.4368656928551541,
      "test_QA_nDCG@10": 0.5096016981202532,
      "test_TWIG_R@1": 0.32786885245901637,
      "test_TWIG_R@2": 0.4098360655737705,
      "test_TWIG_R@5": 0.6721311475409836,
      "test_TWIG_R@10": 0.8032786885245902,
      "test_TWIG_R@50": 1.0,
      "test_TWIG_MRR": 0.47023656995375746
    },
    {
      "config": "A34",
      "code": 34,
      "binary": "100010",
      "label": "tt + cc",
      "num_edges": 2,
      "kept_edges": "similar_table, similar_content",
      "elapsed_min": 3.0,
      "eval_count": 60,
      "QA_R@1": 0.2,
      "QA_R@2": 0.3333333333333333,
      "QA_R@5": 0.6,
      "QA_R@10": 0.75,
      "QA_R@50": 1.0,
      "QA_MRR": 0.37214369395017105,
      "QA_nDCG@10": 0.4512254867017965,
      "TWIG_R@1": 0.2833333333333333,
      "TWIG_R@2": 0.36666666666666664,
      "TWIG_R@5": 0.6166666666666667,
      "TWIG_R@10": 0.8833333333333333,
      "TWIG_R@50": 1.0,
      "TWIG_MRR": 0.43434498524547255,
      "test_eval_count": 61,
      "test_QA_R@1": 0.29508196721311475,
      "test_QA_R@2": 0.47540983606557374,
      "test_QA_R@5": 0.7377049180327869,
      "test_QA_R@10": 0.8032786885245902,
      "test_QA_R@50": 1.0,
      "test_QA_MRR": 0.4858005335765701,
      "test_QA_nDCG@10": 0.5541061894704404,
      "test_TWIG_R@1": 0.3114754098360656,
      "test_TWIG_R@2": 0.4426229508196721,
      "test_TWIG_R@5": 0.6229508196721312,
      "test_TWIG_R@10": 0.819672131147541,
      "test_TWIG_R@50": 1.0,
      "test_TWIG_MRR": 0.4572012141445162
    },
    {
      "config": "A35",
      "code": 35,
      "binary": "100011",
      "label": "tt + cc + sc",
      "num_edges": 3,
      "kept_edges": "similar_table, similar_content, shared_column_name",
      "elapsed_min": 1.9,
      "eval_count": 60,
      "QA_R@1": 0.31666666666666665,
      "QA_R@2": 0.4666666666666667,
      "QA_R@5": 0.65,
      "QA_R@10": 0.8,
      "QA_R@50": 0.9833333333333333,
      "QA_MRR": 0.47569780437427495,
      "QA_nDCG@10": 0.5456496183927044,
      "TWIG_R@1": 0.35,
      "TWIG_R@2": 0.45,
      "TWIG_R@5": 0.7,
      "TWIG_R@10": 0.8833333333333333,
      "TWIG_R@50": 1.0,
      "TWIG_MRR": 0.4979874141610135,
      "test_eval_count": 61,
      "test_QA_R@1": 0.36065573770491804,
      "test_QA_R@2": 0.4262295081967213,
      "test_QA_R@5": 0.639344262295082,
      "test_QA_R@10": 0.7868852459016393,
      "test_QA_R@50": 1.0,
      "test_QA_MRR": 0.4772523588021228,
      "test_QA_nDCG@10": 0.5403807794866065,
      "test_TWIG_R@1": 0.36065573770491804,
      "test_TWIG_R@2": 0.5409836065573771,
      "test_TWIG_R@5": 0.7049180327868853,
      "test_TWIG_R@10": 0.8032786885245902,
      "test_TWIG_R@50": 1.0,
      "test_TWIG_MRR": 0.5144677609060614
    },
    {
      "config": "A40",
      "code": 40,
      "binary": "101000",
      "label": "tt + tp",
      "num_edges": 2,
      "kept_edges": "similar_table, comes_from",
      "elapsed_min": 2.1,
      "eval_count": 60,
      "QA_R@1": 0.26666666666666666,
      "QA_R@2": 0.31666666666666665,
      "QA_R@5": 0.6333333333333333,
      "QA_R@10": 0.7666666666666667,
      "QA_R@50": 1.0,
      "QA_MRR": 0.4036078726477582,
      "QA_nDCG@10": 0.47814592712769194,
      "TWIG_R@1": 0.3,
      "TWIG_R@2": 0.43333333333333335,
      "TWIG_R@5": 0.5833333333333334,
      "TWIG_R@10": 0.8333333333333334,
      "TWIG_R@50": 1.0,
      "TWIG_MRR": 0.44366581954997286,
      "test_eval_count": 61,
      "test_QA_R@1": 0.26229508196721313,
      "test_QA_R@2": 0.4098360655737705,
      "test_QA_R@5": 0.5573770491803278,
      "test_QA_R@10": 0.639344262295082,
      "test_QA_R@50": 1.0,
      "test_QA_MRR": 0.40947240714878874,
      "test_QA_nDCG@10": 0.4497661396811242,
      "test_TWIG_R@1": 0.3770491803278688,
      "test_TWIG_R@2": 0.4918032786885246,
      "test_TWIG_R@5": 0.6229508196721312,
      "test_TWIG_R@10": 0.8032786885245902,
      "test_TWIG_R@50": 1.0,
      "test_TWIG_MRR": 0.5113479297613693
    },
    {
      "config": "A41",
      "code": 41,
      "binary": "101001",
      "label": "tt + tp + sc",
      "num_edges": 3,
      "kept_edges": "similar_table, comes_from, shared_column_name",
      "elapsed_min": 1.7,
      "eval_count": 60,
      "QA_R@1": 0.26666666666666666,
      "QA_R@2": 0.4166666666666667,
      "QA_R@5": 0.6333333333333333,
      "QA_R@10": 0.8166666666666667,
      "QA_R@50": 1.0,
      "QA_MRR": 0.43286236095571723,
      "QA_nDCG@10": 0.5171199367761691,
      "TWIG_R@1": 0.31666666666666665,
      "TWIG_R@2": 0.48333333333333334,
      "TWIG_R@5": 0.6833333333333333,
      "TWIG_R@10": 0.8833333333333333,
      "TWIG_R@50": 1.0,
      "TWIG_MRR": 0.4863995041205407,
      "test_eval_count": 61,
      "test_QA_R@1": 0.36065573770491804,
      "test_QA_R@2": 0.45901639344262296,
      "test_QA_R@5": 0.7868852459016393,
      "test_QA_R@10": 0.8852459016393442,
      "test_QA_R@50": 1.0,
      "test_QA_MRR": 0.5141384782270687,
      "test_QA_nDCG@10": 0.5970733608506891,
      "test_TWIG_R@1": 0.47540983606557374,
      "test_TWIG_R@2": 0.6721311475409836,
      "test_TWIG_R@5": 0.819672131147541,
      "test_TWIG_R@10": 0.8524590163934426,
      "test_TWIG_R@50": 1.0,
      "test_TWIG_MRR": 0.6313117050098729
    },
    {
      "config": "A42",
      "code": 42,
      "binary": "101010",
      "label": "tt + tp + cc",
      "num_edges": 3,
      "kept_edges": "similar_table, comes_from, similar_content",
      "elapsed_min": 3.3,
      "eval_count": 60,
      "QA_R@1": 0.2833333333333333,
      "QA_R@2": 0.4166666666666667,
      "QA_R@5": 0.5833333333333334,
      "QA_R@10": 0.85,
      "QA_R@50": 1.0,
      "QA_MRR": 0.43915530765530764,
      "QA_nDCG@10": 0.5280994908135018,
      "TWIG_R@1": 0.21666666666666667,
      "TWIG_R@2": 0.38333333333333336,
      "TWIG_R@5": 0.65,
      "TWIG_R@10": 0.8833333333333333,
      "TWIG_R@50": 1.0,
      "TWIG_MRR": 0.4086370955936172,
      "test_eval_count": 61,
      "test_QA_R@1": 0.3442622950819672,
      "test_QA_R@2": 0.45901639344262296,
      "test_QA_R@5": 0.6065573770491803,
      "test_QA_R@10": 0.8032786885245902,
      "test_QA_R@50": 1.0,
      "test_QA_MRR": 0.4778339602110093,