{
  "dataset": "feta",
  "corpus": "full (train+dev+test)",
  "n_tables": 8328,
  "eval_count": 501,
  "best_edges": [
    "has_column",
    "same_page"
  ],
  "TWIG_R@1": 0.09780439121756487,
  "TWIG_R@2": 0.1377245508982036,
  "TWIG_R@5": 0.23552894211576847,
  "TWIG_R@10": 0.32335329341317365,
  "TWIG_R@50": 0.562874251497006,
  "TWIG_MRR": 0.16516198157566062,
  "QA_R@1": 0.005988023952095809,
  "QA_R@2": 0.011976047904191617,
  "QA_R@5": 0.023952095808383235,
  "QA_R@10": 0.04790419161676647,
  "QA_R@50": 0.20159680638722555,
  "QA_MRR": 0.020993828699996425,
  "QA_nDCG@10": 0.022364592069311396
}