config,code,binary,label,num_edges,kept_edges,QA_R@1,QA_R@5,QA_R@10,QA_MRR,QA_nDCG@10,TWIG_R@1,TWIG_R@5,TWIG_R@10,TWIG_MRR,twig_best_epoch,qa_best_epoch,elapsed_min
A46,46,101110,tt + tp + sp + cc,4,"similar_table, comes_from, same_page, similar_content",0.8444846292947559,0.9746835443037974,0.9873417721518988,0.9012233744393693,0.9222779348254223,0.7902350813743219,0.972875226039783,0.9891500904159132,0.8693151267059352,,,181.8
A47,47,101111,tt + tp + sp + cc + sc,5,"similar_table, comes_from, same_page, similar_content, shared_column_name",0.833634719710669,0.9801084990958409,0.9945750452079566,0.8995419153670794,0.923231385536641,0.779385171790235,0.9602169981916817,0.9891500904159132,0.8581279336073754,,,208.2
A48,48,110000,tt + tc,2,"similar_table, has_column",0.8481012658227848,0.9746835443037974,0.9909584086799277,0.9044839378022015,0.9256501736777155,0.8300180831826401,0.9656419529837251,0.9909584086799277,0.8887485068123315,,,185.6
