{
  "experiment": "Query-Aware v2 Edge Ablation (A0-A63)",
  "dataset": "ottqa",
  "edge_types": [
    "similar_table",
    "has_column",
    "comes_from",
    "same_page",
    "similar_content",
    "shared_column_name"
  ],
  "edge_abbreviations": [
    "tt",
    "tc",
    "tp",
    "sp",
    "cc",
    "sc"
  ],
  "timestamp": "2026-06-04T11:52:04.110197",
  "twig_hps": {
    "LEARNING_RATE": 0.0005543418807199451,
    "HIDDEN_CHANNELS": 768,
    "DROPOUT": 0.10028905529000982,
    "WEIGHT_DECAY": 0.03217253330215496,
    "SAGE_AGGR": "min",
    "HETERO_AGGR": "max",
    "CLIP_GRAD_NORM": 0.6,
    "TEMP_START": 0.05,
    "TEMP_END": 0.03,
    "SMOOTH_START": 0.12,
    "SMOOTH_END": 0.06,
    "NUM_EPOCHS": 30,
    "WARMUP_EPOCHS": 2,
    "BATCH_SIZE": 128,
    "CHUNK_SIZE": 1024
  },
  "qa_hps": {
    "QUERY_EDGE_MODE": "E4",
    "BASE_LR": 0.0001,
    "QUERY_LR": 0.0005,
    "NUM_EPOCHS": 15,
    "SUBGRAPH_K": 30
  },
  "results": [
    {
      "config": "A46",
      "code": 46,
      "binary": "101110",
      "label": "tt + tp + sp + cc",
      "num_edges": 4,
      "kept_edges": "similar_table, comes_from, same_page, similar_content",
      "elapsed_min": 181.8,
      "eval_count": 553,
      "QA_R@1": 0.8444846292947559,
      "QA_R@2": 0.918625678119349,
      "QA_R@5": 0.9746835443037974,
      "QA_R@10": 0.9873417721518988,
      "QA_R@50": 0.9981916817359855,
      "QA_MRR": 0.9012233744393693,
      "QA_nDCG@10": 0.9222779348254223,
      "TWIG_R@1": 0.7902350813743219,
      "TWIG_R@2": 0.8987341772151899,
      "TWIG_R@5": 0.972875226039783,
      "TWIG_R@10": 0.9891500904159132,
      "TWIG_R@50": 1.0,
      "TWIG_MRR": 0.8693151267059352,
      "test_eval_count": 554,
      "test_QA_R@1": 0.868231046931408,
      "test_QA_R@2": 0.9314079422382672,
      "test_QA_R@5": 0.9693140794223827,
      "test_QA_R@10": 0.9855595667870036,
      "test_QA_R@50": 1.0,
      "test_QA_MRR": 0.9135922933168262,
      "test_QA_nDCG@10": 0.930832030342443,
      "test_TWIG_R@1": 0.7996389891696751,
      "test_TWIG_R@2": 0.9061371841155235,
      "test_TWIG_R@5": 0.9675090252707581,
      "test_TWIG_R@10": 0.98014440433213,
      "test_TWIG_R@50": 1.0,
      "test_TWIG_MRR": 0.8739989947907123
    },
    {
      "config": "A47",
      "code": 47,
      "binary": "101111",
      "label": "tt + tp + sp + cc + sc",
      "num_edges": 5,
      "kept_edges": "similar_table, comes_from, same_page, similar_content, shared_column_name",
      "elapsed_min": 208.2,
      "eval_count": 553,
      "QA_R@1": 0.833634719710669,
      "QA_R@2": 0.9330922242314648,
      "QA_R@5": 0.9801084990958409,
      "QA_R@10": 0.9945750452079566,
      "QA_R@50": 0.9981916817359855,
      "QA_MRR": 0.8995419153670794,
      "QA_nDCG@10": 0.923231385536641,
      "TWIG_R@1": 0.779385171790235,
      "TWIG_R@2": 0.8806509945750453,
      "TWIG_R@5": 0.9602169981916817,
      "TWIG_R@10": 0.9891500904159132,
      "TWIG_R@50": 1.0,
      "TWIG_MRR": 0.8581279336073754,
      "test_eval_count": 554,
      "test_QA_R@1": 0.8429602888086642,
      "test_QA_R@2": 0.9133574007220217,
      "test_QA_R@5": 0.9711191335740073,
      "test_QA_R@10": 0.9927797833935018,
      "test_QA_R@50": 0.9981949458483754,
      "test_QA_MRR": 0.89798997044916,
      "test_QA_nDCG@10": 0.9210967797051639,
      "test_TWIG_R@1": 0.779783393501805,
      "test_TWIG_R@2": 0.8953068592057761,
      "test_TWIG_R@5": 0.9566787003610109,
      "test_TWIG_R@10": 0.983754512635379,
      "test_TWIG_R@50": 1.0,
      "test_TWIG_MRR": 0.8605307921966545
    },
    {
      "config": "A48",
      "code": 48,
      "binary": "110000",
      "label": "tt + tc",
      "num_edges": 2,
      "kept_edges": "similar_table, has_column",
      "elapsed_min": 185.6,
      "eval_count": 553,
      "QA_R@1": 0.8481012658227848,
      "QA_R@2": 0.9258589511754068,
      "QA_R@5": 0.9746835443037974,
      "QA_R@10": 0.9909584086799277,
      "QA_R@50": 0.9981916817359855,
      "QA_MRR": 0.9044839378022015,
      "QA_nDCG@10": 0.9256501736777155,
      "TWIG_R@1": 0.8300180831826401,
      "TWIG_R@2": 0.9041591320072333,
      "TWIG_R@5": 0.9656419529837251,
      "TWIG_R@10": 0.9909584086799277,
      "TWIG_R@50": 1.0,
      "TWIG_MRR": 0.8887485068123315,
      "test_eval_count": 554,
      "test_QA_R@1": 0.8483754512635379,
      "test_QA_R@2": 0.9169675090252708,
      "test_QA_R@5": 0.9620938628158845,
      "test_QA_R@10": 0.9855595667870036,
      "test_QA_R@50": 1.0,
      "test_QA_MRR": 0.9004245690833562,
      "test_QA_nDCG@10": 0.9208655319771368,
      "test_TWIG_R@1": 0.8465703971119134,
      "test_TWIG_R@2": 0.9205776173285198,
      "test_TWIG_R@5": 0.9657039711191335,
      "test_TWIG_R@10": 0.9855595667870036,
      "test_TWIG_R@50": 1.0,
      "test_TWIG_MRR": 0.8994392055787648
    }
  ]
}