{
  "experiment": "Query-Aware v2 Edge Ablation (A0-A63)",
  "dataset": "mimo_en",
  "edge_types": [
    "similar_table",
    "has_column",
    "comes_from",
    "same_page",
    "similar_content",
    "shared_column_name"
  ],
  "edge_abbreviations": [
    "tt",
    "tc",
    "tp",
    "sp",
    "cc",
    "sc"
  ],
  "timestamp": "2026-06-03T18:20:51.415218",
  "twig_hps": {
    "LEARNING_RATE": 0.0005543418807199451,
    "HIDDEN_CHANNELS": 768,
    "DROPOUT": 0.10028905529000982,
    "WEIGHT_DECAY": 0.03217253330215496,
    "SAGE_AGGR": "min",
    "HETERO_AGGR": "max",
    "CLIP_GRAD_NORM": 0.6,
    "TEMP_START": 0.05,
    "TEMP_END": 0.03,
    "SMOOTH_START": 0.12,
    "SMOOTH_END": 0.06,
    "NUM_EPOCHS": 30,
    "WARMUP_EPOCHS": 2,
    "BATCH_SIZE": 128,
    "CHUNK_SIZE": 1024
  },
  "qa_hps": {
    "QUERY_EDGE_MODE": "E4",
    "BASE_LR": 0.0001,
    "QUERY_LR": 0.0005,
    "NUM_EPOCHS": 15,
    "SUBGRAPH_K": 30
  },
  "results": [
    {
      "config": "A33",
      "code": 33,
      "binary": "100001",
      "label": "tt + sc",
      "num_edges": 2,
      "kept_edges": "similar_table, shared_column_name",
      "elapsed_min": 1.2,
      "eval_count": 64,
      "QA_R@1": 0.3708333333333333,
      "QA_R@2": 0.46510416666666665,
      "QA_R@5": 0.6020833333333333,
      "QA_R@10": 0.6880208333333333,
      "QA_R@50": 0.915625,
      "QA_MRR": 0.532751350807417,
      "QA_nDCG@10": 0.5428387379681974,
      "TWIG_R@1": 0.3317708333333333,
      "TWIG_R@2": 0.4911458333333333,
      "TWIG_R@5": 0.5994791666666666,
      "TWIG_R@10": 0.6916666666666667,
      "TWIG_R@50": 0.9333333333333333,
      "TWIG_MRR": 0.5104476087649413,
      "test_eval_count": 63,
      "test_QA_R@1": 0.396031746031746,
      "test_QA_R@2": 0.47857142857142854,
      "test_QA_R@5": 0.621957671957672,
      "test_QA_R@10": 0.6661375661375661,
      "test_QA_R@50": 0.9492063492063492,
      "test_QA_MRR": 0.5678102914762235,
      "test_QA_nDCG@10": 0.5485190433166188,
      "test_TWIG_R@1": 0.3404761904761905,
      "test_TWIG_R@2": 0.39338624338624334,
      "test_TWIG_R@5": 0.5574074074074075,
      "test_TWIG_R@10": 0.6820105820105821,
      "test_TWIG_R@50": 0.9238095238095237,
      "test_TWIG_MRR": 0.5109916729124356
    },
    {
      "config": "A34",
      "code": 34,
      "binary": "100010",
      "label": "tt + cc",
      "num_edges": 2,
      "kept_edges": "similar_table, similar_content",
      "elapsed_min": 1.4,
      "eval_count": 64,
      "QA_R@1": 0.38125,
      "QA_R@2": 0.4677083333333333,
      "QA_R@5": 0.5322916666666666,
      "QA_R@10": 0.6390625,
      "QA_R@50": 0.9307291666666666,
      "QA_MRR": 0.521648786672681,
      "QA_nDCG@10": 0.5164743381790748,
      "TWIG_R@1": 0.3286458333333333,
      "TWIG_R@2": 0.3786458333333333,
      "TWIG_R@5": 0.45572916666666663,
      "TWIG_R@10": 0.65625,
      "TWIG_R@50": 0.9,
      "TWIG_MRR": 0.4513607728857913,
      "test_eval_count": 63,
      "test_QA_R@1": 0.3007936507936508,
      "test_QA_R@2": 0.43306878306878305,
      "test_QA_R@5": 0.5346560846560846,
      "test_QA_R@10": 0.6783068783068783,
      "test_QA_R@50": 0.9021164021164021,
      "test_QA_MRR": 0.49220090152543555,
      "test_QA_nDCG@10": 0.4977846107580731,
      "test_TWIG_R@1": 0.317989417989418,
      "test_TWIG_R@2": 0.3965608465608465,
      "test_TWIG_R@5": 0.5791005291005291,
      "test_TWIG_R@10": 0.6941798941798942,
      "test_TWIG_R@50": 0.9386243386243387,
      "test_TWIG_MRR": 0.4909659919428594
    },
    {
      "config": "A35",
      "code": 35,
      "binary": "100011",
      "label": "tt + cc + sc",
      "num_edges": 3,
      "kept_edges": "similar_table, similar_content, shared_column_name",
      "elapsed_min": 1.5,
      "eval_count": 64,
      "QA_R@1": 0.35,
      "QA_R@2": 0.428125,
      "QA_R@5": 0.503125,
      "QA_R@10": 0.6526041666666667,
      "QA_R@50": 0.9390625,
      "QA_MRR": 0.49653768400770326,
      "QA_nDCG@10": 0.502430422944349,
      "TWIG_R@1": 0.2953125,
      "TWIG_R@2": 0.3661458333333333,
      "TWIG_R@5": 0.5338541666666667,
      "TWIG_R@10": 0.6859375,
      "TWIG_R@50": 0.8911458333333333,
      "TWIG_MRR": 0.44748975041674,
      "test_eval_count": 63,
      "test_QA_R@1": 0.3021164021164021,
      "test_QA_R@2": 0.37804232804232796,
      "test_QA_R@5": 0.53994708994709,
      "test_QA_R@10": 0.6798941798941798,
      "test_QA_R@50": 0.9550264550264551,
      "test_QA_MRR": 0.47964530119727566,
      "test_QA_nDCG@10": 0.4918759374203503,
      "test_TWIG_R@1": 0.25396825396825395,
      "test_TWIG_R@2": 0.30873015873015874,
      "test_TWIG_R@5": 0.5137566137566136,
      "test_TWIG_R@10": 0.6161375661375662,
      "test_TWIG_R@50": 0.9544973544973545,
      "test_TWIG_MRR": 0.4195838919272502
    },
    {
      "config": "A36",
      "code": 36,
      "binary": "100100",
      "label": "tt + sp",
      "num_edges": 2,
      "kept_edges": "similar_table, same_page",
      "elapsed_min": 1.0,
      "eval_count": 64,
      "QA_R@1": 0.3364583333333333,
      "QA_R@2": 0.4208333333333333,
      "QA_R@5": 0.5192708333333333,
      "QA_R@10": 0.6244791666666667,
      "QA_R@50": 0.9161458333333333,
      "QA_MRR": 0.48957861455480467,
      "QA_nDCG@10": 0.48510095473546155,
      "TWIG_R@1": 0.3520833333333333,
      "TWIG_R@2": 0.4255208333333333,
      "TWIG_R@5": 0.5369791666666667,
      "TWIG_R@10": 0.6630208333333333,
      "TWIG_R@50": 0.8989583333333333,
      "TWIG_MRR": 0.49358667838314224,
      "test_eval_count": 63,
      "test_QA_R@1": 0.20555555555555555,
      "test_QA_R@2": 0.35634920634920636,
      "test_QA_R@5": 0.48306878306878304,
      "test_QA_R@10": 0.6034391534391534,
      "test_QA_R@50": 0.9232804232804233,
      "test_QA_MRR": 0.4084558592291597,
      "test_QA_nDCG@10": 0.4155783704369469,
      "test_TWIG_R@1": 0.30211640211640206,
      "test_TWIG_R@2": 0.39338624338624334,
      "test_TWIG_R@5": 0.579100529100529,
      "test_TWIG_R@10": 0.7026455026455026,
      "test_TWIG_R@50": 0.9497354497354498,
      "test_TWIG_MRR": 0.50513241828718
    },
    {
      "config": "A37",
      "code": 37,
      "binary": "100101",
      "label": "tt + sp + sc",
      "num_edges": 3,
      "kept_edges": "similar_table, same_page, shared_column_name",
      "elapsed_min": 1.8,
      "eval_count": 64,
      "QA_R@1": 0.3708333333333333,
      "QA_R@2": 0.4755208333333333,
      "QA_R@5": 0.5572916666666667,
      "QA_R@10": 0.6692708333333333,
      "QA_R@50": 0.9364583333333334,
      "QA_MRR": 0.5227648137349669,
      "QA_nDCG@10": 0.5259712808449528,
      "TWIG_R@1": 0.3364583333333333,
      "TWIG_R@2": 0.4286458333333333,
      "TWIG_R@5": 0.5348958333333333,
      "TWIG_R@10": 0.7,
      "TWIG_R@50": 0.9348958333333333,
      "TWIG_MRR": 0.49613578415037807,
      "test_eval_count": 63,
      "test_QA_R@1": 0.2671957671957672,
      "test_QA_R@2": 0.4013227513227513,
      "test_QA_R@5": 0.6208994708994711,
      "test_QA_R@10": 0.7232804232804233,
      "test_QA_R@50": 0.9603174603174603,
      "test_QA_MRR": 0.48447299171948743,
      "test_QA_nDCG@10": 0.504696282700397,
      "test_TWIG_R@1": 0.2791005291005291,
      "test_TWIG_R@2": 0.3743386243386243,
      "test_TWIG_R@5": 0.616931216931217,
      "test_TWIG_R@10": 0.7161375661375663,
      "test_TWIG_R@50": 0.946031746031746,
      "test_TWIG_MRR": 0.490458108461787
    },
    {
      "config": "A38",
      "code": 38,
      "binary": "100110",
      "label": "tt + sp + cc",
      "num_edges": 3,
      "kept_edges": "similar_table, same_page, similar_content",
      "elapsed_min": 1.6,
      "eval_count": 64,
      "QA_R@1": 0.3708333333333333,
      "QA_R@2": 0.47291666666666665,
      "QA_R@5": 0.56875,
      "QA_R@10": 0.6499999999999999,
      "QA_R@50": 0.9328125,
      "QA_MRR": 0.5262842038800408,
      "QA_nDCG@10": 0.5292115046927025,
      "TWIG_R@1": 0.3208333333333333,
      "TWIG_R@2": 0.4411458333333333,
      "TWIG_R@5": 0.5260416666666667,