{
  "experiment": "Query-Aware v2 Edge Ablation (A0-A63)",
  "dataset": "ottqa",
  "edge_types": [
    "similar_table",
    "has_column",
    "comes_from",
    "same_page",
    "similar_content",
    "shared_column_name"
  ],
  "edge_abbreviations": [
    "tt",
    "tc",
    "tp",
    "sp",
    "cc",
    "sc"
  ],
  "timestamp": "2026-06-04T12:51:49.485209",
  "twig_hps": {
    "LEARNING_RATE": 0.0005543418807199451,
    "HIDDEN_CHANNELS": 768,
    "DROPOUT": 0.10028905529000982,
    "WEIGHT_DECAY": 0.03217253330215496,
    "SAGE_AGGR": "min",
    "HETERO_AGGR": "max",
    "CLIP_GRAD_NORM": 0.6,
    "TEMP_START": 0.05,
    "TEMP_END": 0.03,
    "SMOOTH_START": 0.12,
    "SMOOTH_END": 0.06,
    "NUM_EPOCHS": 30,
    "WARMUP_EPOCHS": 2,
    "BATCH_SIZE": 128,
    "CHUNK_SIZE": 1024
  },
  "qa_hps": {
    "QUERY_EDGE_MODE": "E4",
    "BASE_LR": 0.0001,
    "QUERY_LR": 0.0005,
    "NUM_EPOCHS": 15,
    "SUBGRAPH_K": 30
  },
  "results": [
    {
      "config": "A27",
      "code": 27,
      "binary": "011011",
      "label": "tc + tp + cc + sc",
      "num_edges": 4,
      "kept_edges": "has_column, comes_from, similar_content, shared_column_name",
      "elapsed_min": 181.7,
      "eval_count": 553,
      "QA_R@1": 0.8282097649186256,
      "QA_R@2": 0.9258589511754068,
      "QA_R@5": 0.9819168173598554,
      "QA_R@10": 0.9909584086799277,
      "QA_R@50": 1.0,
      "QA_MRR": 0.8957458821858743,
      "QA_nDCG@10": 0.9193374273970946,
      "TWIG_R@1": 0.8137432188065099,
      "TWIG_R@2": 0.918625678119349,
      "TWIG_R@5": 0.9837251356238698,
      "TWIG_R@10": 0.9945750452079566,
      "TWIG_R@50": 1.0,
      "TWIG_MRR": 0.8864775334961872,
      "test_eval_count": 554,
      "test_QA_R@1": 0.8664259927797834,
      "test_QA_R@2": 0.9296028880866426,
      "test_QA_R@5": 0.9711191335740073,
      "test_QA_R@10": 0.9873646209386282,
      "test_QA_R@50": 0.9981949458483754,
      "test_QA_MRR": 0.9121151397528935,
      "test_QA_nDCG@10": 0.9303208247432825,
      "test_TWIG_R@1": 0.8321299638989169,
      "test_TWIG_R@2": 0.9133574007220217,
      "test_TWIG_R@5": 0.9729241877256317,
      "test_TWIG_R@10": 0.9873646209386282,
      "test_TWIG_R@50": 1.0,
      "test_TWIG_MRR": 0.8920970331491771
    },
    {
      "config": "A28",
      "code": 28,
      "binary": "011100",
      "label": "tc + tp + sp",
      "num_edges": 3,
      "kept_edges": "has_column, comes_from, same_page",
      "elapsed_min": 157.3,
      "eval_count": 553,
      "QA_R@1": 0.8716094032549728,
      "QA_R@2": 0.9475587703435805,
      "QA_R@5": 0.9801084990958409,
      "QA_R@10": 0.9927667269439421,
      "QA_R@50": 0.9963833634719711,
      "QA_MRR": 0.9214004420333533,
      "QA_nDCG@10": 0.9390900003720839,
      "TWIG_R@1": 0.8354430379746836,
      "TWIG_R@2": 0.9222423146473779,
      "TWIG_R@5": 0.972875226039783,
      "TWIG_R@10": 0.9873417721518988,
      "TWIG_R@50": 0.9963833634719711,
      "TWIG_MRR": 0.8957961676819656,
      "test_eval_count": 554,
      "test_QA_R@1": 0.8772563176895307,
      "test_QA_R@2": 0.9350180505415162,
      "test_QA_R@5": 0.98014440433213,
      "test_QA_R@10": 0.9927797833935018,
      "test_QA_R@50": 0.9981949458483754,
      "test_QA_MRR": 0.9209725092396569,
      "test_QA_nDCG@10": 0.9384576251625922,
      "test_TWIG_R@1": 0.8483754512635379,
      "test_TWIG_R@2": 0.927797833935018,
      "test_TWIG_R@5": 0.9747292418772563,
      "test_TWIG_R@10": 0.9927797833935018,
      "test_TWIG_R@50": 0.9981949458483754,
      "test_TWIG_MRR": 0.9035402473579367
    },
    {
      "config": "A29",
      "code": 29,
      "binary": "011101",
      "label": "tc + tp + sp + sc",
      "num_edges": 4,
      "kept_edges": "has_column, comes_from, same_page, shared_column_name",
      "elapsed_min": 168.9,
      "eval_count": 553,
      "QA_R@1": 0.8499095840867993,
      "QA_R@2": 0.9385171790235082,
      "QA_R@5": 0.9746835443037974,
      "QA_R@10": 0.9909584086799277,
      "QA_R@50": 1.0,
      "QA_MRR": 0.9077619925086312,
      "QA_nDCG@10": 0.9281409385698458,
      "TWIG_R@1": 0.8137432188065099,
      "TWIG_R@2": 0.9041591320072333,
      "TWIG_R@5": 0.9620253164556962,
      "TWIG_R@10": 0.9855334538878843,
      "TWIG_R@50": 1.0,
      "TWIG_MRR": 0.8796420986180605,
      "test_eval_count": 554,
      "test_QA_R@1": 0.8862815884476535,
      "test_QA_R@2": 0.9422382671480144,
      "test_QA_R@5": 0.9747292418772563,
      "test_QA_R@10": 0.9873646209386282,
      "test_QA_R@50": 0.9981949458483754,
      "test_QA_MRR": 0.9258723023906712,
      "test_QA_nDCG@10": 0.9406791309677881,
      "test_TWIG_R@1": 0.8321299638989169,
      "test_TWIG_R@2": 0.907942238267148,
      "test_TWIG_R@5": 0.9620938628158845,
      "test_TWIG_R@10": 0.98014440433213,
      "test_TWIG_R@50": 1.0,
      "test_TWIG_MRR": 0.8883296894598102
    },
    {
      "config": "A30",
      "code": 30,
      "binary": "011110",
      "label": "tc + tp + sp + cc",
      "num_edges": 4,
      "kept_edges": "has_column, comes_from, same_page, similar_content",
      "elapsed_min": 117.7,
      "eval_count": 553,
      "QA_R@1": 0.840867992766727,
      "QA_R@2": 0.9240506329113924,
      "QA_R@5": 0.969258589511754,
      "QA_R@10": 0.9909584086799277,
      "QA_R@50": 1.0,
      "QA_MRR": 0.899842783296671,
      "QA_nDCG@10": 0.9220347558329173,
      "TWIG_R@1": 0.8264014466546112,
      "TWIG_R@2": 0.9150090415913201,
      "TWIG_R@5": 0.9710669077757685,
      "TWIG_R@10": 0.9891500904159132,
      "TWIG_R@50": 0.9981916817359855,
      "TWIG_MRR": 0.8887381631618805,
      "test_eval_count": 554,
      "test_QA_R@1": 0.8610108303249098,
      "test_QA_R@2": 0.9368231046931408,
      "test_QA_R@5": 0.9711191335740073,
      "test_QA_R@10": 0.9891696750902527,
      "test_QA_R@50": 0.9981949458483754,
      "test_QA_MRR": 0.9118918289439113,
      "test_QA_nDCG@10": 0.9307327869792816,
      "test_TWIG_R@1": 0.8393501805054152,
      "test_TWIG_R@2": 0.9223826714801444,
      "test_TWIG_R@5": 0.9657039711191335,
      "test_TWIG_R@10": 0.98014440433213,
      "test_TWIG_R@50": 0.9963898916967509,
      "test_TWIG_MRR": 0.8965521179672775
    }
  ]
}