config,code,binary,label,num_edges,kept_edges,QA_R@1,QA_R@5,QA_R@10,QA_MRR,QA_nDCG@10,TWIG_R@1,TWIG_R@5,TWIG_R@10,TWIG_MRR,twig_best_epoch,qa_best_epoch,elapsed_min
A27,27,011011,tc + tp + cc + sc,4,"has_column, comes_from, similar_content, shared_column_name",0.8282097649186256,0.9819168173598554,0.9909584086799277,0.8957458821858743,0.9193374273970946,0.8137432188065099,0.9837251356238698,0.9945750452079566,0.8864775334961872,,,181.7
A28,28,011100,tc + tp + sp,3,"has_column, comes_from, same_page",0.8716094032549728,0.9801084990958409,0.9927667269439421,0.9214004420333533,0.9390900003720839,0.8354430379746836,0.972875226039783,0.9873417721518988,0.8957961676819656,,,157.3
A29,29,011101,tc + tp + sp + sc,4,"has_column, comes_from, same_page, shared_column_name",0.8499095840867993,0.9746835443037974,0.9909584086799277,0.9077619925086312,0.9281409385698458,0.8137432188065099,0.9620253164556962,0.9855334538878843,0.8796420986180605,,,168.9
A30,30,011110,tc + tp + sp + cc,4,"has_column, comes_from, same_page, similar_content",0.840867992766727,0.969258589511754,0.9909584086799277,0.899842783296671,0.9220347558329173,0.8264014466546112,0.9710669077757685,0.9891500904159132,0.8887381631618805,,,117.7
