{
  "results": [
    {
      "dataset": "feta",
      "corpus": "full (train+dev+test)",
      "n_tables": 8328,
      "eval_count": 501,
      "best_edges": [
        "has_column",
        "same_page"
      ],
      "TWIG_R@1": 0.09780439121756487,
      "TWIG_R@2": 0.1377245508982036,
      "TWIG_R@5": 0.23552894211576847,
      "TWIG_R@10": 0.32335329341317365,
      "TWIG_R@50": 0.562874251497006,
      "TWIG_MRR": 0.16516198157566062,
      "QA_R@1": 0.005988023952095809,
      "QA_R@2": 0.011976047904191617,
      "QA_R@5": 0.023952095808383235,
      "QA_R@10": 0.04790419161676647,
      "QA_R@50": 0.20159680638722555,
      "QA_MRR": 0.020993828699996425,
      "QA_nDCG@10": 0.022364592069311396
    },
    {
      "dataset": "ottqa",
      "corpus": "full (train+dev+test)",
      "n_tables": 8889,
      "eval_count": 554,
      "best_edges": [
        "similar_table",
        "has_column",
        "same_page",
        "similar_content"
      ],
      "TWIG_R@1": 0.35018050541516244,
      "TWIG_R@2": 0.47833935018050544,
      "TWIG_R@5": 0.6389891696750902,
      "TWIG_R@10": 0.723826714801444,
      "TWIG_R@50": 0.8971119133574007,
      "TWIG_MRR": 0.47939762358098714,
      "QA_R@1": 0.44765342960288806,
      "QA_R@2": 0.5505415162454874,
      "QA_R@5": 0.6841155234657039,
      "QA_R@10": 0.7743682310469314,
      "QA_R@50": 0.924187725631769,
      "QA_MRR": 0.5565619218728355,
      "QA_nDCG@10": 0.6025161543319192
    },
    {
      "dataset": "mimo_en",
      "corpus": "full (train+dev+test)",
      "n_tables": 291,
      "eval_count": 63,
      "best_edges": [
        "has_column",
        "comes_from",
        "same_page",
        "similar_content",
        "shared_column_name"
      ],
      "TWIG_R@1": 0.24603174603174602,
      "TWIG_R@2": 0.3253968253968254,
      "TWIG_R@5": 0.42063492063492064,
      "TWIG_R@10": 0.5158730158730159,
      "TWIG_R@50": 0.7240740740740742,
      "TWIG_MRR": 0.35986215550360884,
      "QA_R@1": 0.2751322751322752,
      "QA_R@2": 0.3814814814814815,
      "QA_R@5": 0.5058201058201058,
      "QA_R@10": 0.5970899470899472,
      "QA_R@50": 0.7547619047619047,
      "QA_MRR": 0.44761478890551565,
      "QA_nDCG@10": 0.44700565630678457
    },
    {
      "dataset": "mimo_ch",
      "corpus": "full (train+dev+test)",
      "n_tables": 458,
      "eval_count": 100,
      "best_edges": [
        "has_column",
        "comes_from",
        "same_page"
      ],
      "TWIG_R@1": 0.35033333333333333,
      "TWIG_R@2": 0.39483333333333326,
      "TWIG_R@5": 0.48216666666666663,
      "TWIG_R@10": 0.5708333333333333,
      "TWIG_R@50": 0.7494999999999998,
      "TWIG_MRR": 0.5201111870784438,
      "QA_R@1": 0.36033333333333334,
      "QA_R@2": 0.42566666666666664,
      "QA_R@5": 0.5073333333333333,
      "QA_R@10": 0.5751666666666666,
      "QA_R@50": 0.7198333333333332,
      "QA_MRR": 0.5366695404623796,
      "QA_nDCG@10": 0.4864519605312924
    },
    {
      "dataset": "e2ewtq",
      "corpus": "full (train+dev+test)",
      "n_tables": 742,
      "eval_count": 61,
      "best_edges": [
        "has_column",
        "comes_from"
      ],
      "TWIG_R@1": 0.0,
      "TWIG_R@2": 0.0,
      "TWIG_R@5": 0.0,
      "TWIG_R@10": 0.01639344262295082,
      "TWIG_R@50": 0.39344262295081966,
      "TWIG_MRR": 0.017505950791168245,
      "QA_R@1": 0.0,
      "QA_R@2": 0.03278688524590164,
      "QA_R@5": 0.04918032786885246,
      "QA_R@10": 0.08196721311475409,
      "QA_R@50": 0.3442622950819672,
      "QA_MRR": 0.03534837427093091,
      "QA_nDCG@10": 0.0378529661912462
    },
    {
      "dataset": "mmqa",
      "corpus": "full (train+dev+test)",
      "n_tables": 646,
      "eval_count": 248,
      "best_edges": [
        "has_column",
        "shared_column_name"
      ],
      "TWIG_R@1": 0.3131048387096775,
      "TWIG_R@2": 0.4165994623655913,
      "TWIG_R@5": 0.5731854838709676,
      "TWIG_R@10": 0.6713037634408601,
      "TWIG_R@50": 0.8498655913978497,
      "TWIG_MRR": 0.7678898267187575,
      "QA_R@1": 0.3164650537634409,
      "QA_R@2": 0.4092069892473119,
      "QA_R@5": 0.538239247311828,
      "QA_R@10": 0.645766129032258,
      "QA_R@50": 0.8245295698924728,
      "QA_MRR": 0.7708715958831246,
      "QA_nDCG@10": 0.5962594739557175
    }
  ]
}