config,code,binary,label,num_edges,kept_edges,QA_R@1,QA_R@5,QA_R@10,QA_MRR,QA_nDCG@10,TWIG_R@1,TWIG_R@5,TWIG_R@10,TWIG_MRR,twig_best_epoch,qa_best_epoch,elapsed_min
A33,33,100001,tt + sc,2,"similar_table, shared_column_name",0.759493670886076,0.9547920433996383,0.9783001808318263,0.8426759829907029,0.8752767359153197,0.6799276672694394,0.9349005424954792,0.9674502712477396,0.7888031675012901,,,96.2
A34,34,100010,tt + cc,2,"similar_table, similar_content",0.7631103074141049,0.9566003616636528,0.969258589511754,0.8438839657734615,0.8738898281485156,0.7414104882459313,0.945750452079566,0.9783001808318263,0.8322492040599013,,,68.1
