{
  "experiment": "Query-Aware v2 Edge Ablation (A0-A63)",
  "dataset": "ottqa",
  "edge_types": [
    "similar_table",
    "has_column",
    "comes_from",
    "same_page",
    "similar_content",
    "shared_column_name"
  ],
  "edge_abbreviations": [
    "tt",
    "tc",
    "tp",
    "sp",
    "cc",
    "sc"
  ],
  "timestamp": "2026-06-04T02:00:34.465647",
  "twig_hps": {
    "LEARNING_RATE": 0.0005543418807199451,
    "HIDDEN_CHANNELS": 768,
    "DROPOUT": 0.10028905529000982,
    "WEIGHT_DECAY": 0.03217253330215496,
    "SAGE_AGGR": "min",
    "HETERO_AGGR": "max",
    "CLIP_GRAD_NORM": 0.6,
    "TEMP_START": 0.05,
    "TEMP_END": 0.03,
    "SMOOTH_START": 0.12,
    "SMOOTH_END": 0.06,
    "NUM_EPOCHS": 30,
    "WARMUP_EPOCHS": 2,
    "BATCH_SIZE": 128,
    "CHUNK_SIZE": 1024
  },
  "qa_hps": {
    "QUERY_EDGE_MODE": "E4",
    "BASE_LR": 0.0001,
    "QUERY_LR": 0.0005,
    "NUM_EPOCHS": 15,
    "SUBGRAPH_K": 30
  },
  "results": [
    {
      "config": "A33",
      "code": 33,
      "binary": "100001",
      "label": "tt + sc",
      "num_edges": 2,
      "kept_edges": "similar_table, shared_column_name",
      "elapsed_min": 96.2,
      "eval_count": 553,
      "QA_R@1": 0.759493670886076,
      "QA_R@2": 0.8679927667269439,
      "QA_R@5": 0.9547920433996383,
      "QA_R@10": 0.9783001808318263,
      "QA_R@50": 0.9981916817359855,
      "QA_MRR": 0.8426759829907029,
      "QA_nDCG@10": 0.8752767359153197,
      "TWIG_R@1": 0.6799276672694394,
      "TWIG_R@2": 0.8227848101265823,
      "TWIG_R@5": 0.9349005424954792,
      "TWIG_R@10": 0.9674502712477396,
      "TWIG_R@50": 0.9945750452079566,
      "TWIG_MRR": 0.7888031675012901,
      "test_eval_count": 554,
      "test_QA_R@1": 0.7888086642599278,
      "test_QA_R@2": 0.8754512635379061,
      "test_QA_R@5": 0.9458483754512635,
      "test_QA_R@10": 0.9729241877256317,
      "test_QA_R@50": 0.9945848375451264,
      "test_QA_MRR": 0.8567934282714348,
      "test_QA_nDCG@10": 0.8842418102156915,
      "test_TWIG_R@1": 0.6949458483754513,
      "test_TWIG_R@2": 0.8231046931407943,
      "test_TWIG_R@5": 0.9133574007220217,
      "test_TWIG_R@10": 0.9530685920577617,
      "test_TWIG_R@50": 0.9927797833935018,
      "test_TWIG_MRR": 0.7930074138962065
    },
    {
      "config": "A34",
      "code": 34,
      "binary": "100010",
      "label": "tt + cc",
      "num_edges": 2,
      "kept_edges": "similar_table, similar_content",
      "elapsed_min": 68.1,
      "eval_count": 553,
      "QA_R@1": 0.7631103074141049,
      "QA_R@2": 0.8679927667269439,
      "QA_R@5": 0.9566003616636528,
      "QA_R@10": 0.969258589511754,
      "QA_R@50": 0.9945750452079566,
      "QA_MRR": 0.8438839657734615,
      "QA_nDCG@10": 0.8738898281485156,
      "TWIG_R@1": 0.7414104882459313,
      "TWIG_R@2": 0.8716094032549728,
      "TWIG_R@5": 0.945750452079566,
      "TWIG_R@10": 0.9783001808318263,
      "TWIG_R@50": 0.9981916817359855,
      "TWIG_MRR": 0.8322492040599013,
      "test_eval_count": 554,
      "test_QA_R@1": 0.7653429602888087,
      "test_QA_R@2": 0.8664259927797834,
      "test_QA_R@5": 0.9386281588447654,
      "test_QA_R@10": 0.9783393501805054,
      "test_QA_R@50": 0.9981949458483754,
      "test_QA_MRR": 0.8434798557882746,
      "test_QA_nDCG@10": 0.8756020850627138,
      "test_TWIG_R@1": 0.7220216606498195,
      "test_TWIG_R@2": 0.8483754512635379,
      "test_TWIG_R@5": 0.9404332129963899,
      "test_TWIG_R@10": 0.9729241877256317,
      "test_TWIG_R@50": 0.9963898916967509,
      "test_TWIG_MRR": 0.8173600077922601
    }
  ]
}