{
  "source": "e2ewtq",
  "dataset": "e2ewtq",
  "best_edges": [
    "similar_content"
  ],
  "best_alpha": 0.7,
  "twig_ours": {
    "R@1": 0.45901639344262296,
    "R@5": 0.819672131147541,
    "R@10": 0.8852459016393442,
    "MRR": 0.5994730679156909,
    "nDCG@10": 0.6687914332651953,
    "eval_count": 61
  },
  "twig_ablation_baseline": {
    "config": "A2",
    "R@1": 0.4426,
    "R@5": 0.8033,
    "R@10": 0.918
  },
  "qa_v3": {
    "R@1": 0.45901639344262296,
    "R@5": 0.7540983606557377,
    "R@10": 0.8688524590163934,
    "MRR": 0.5842180588082228,
    "nDCG@10": 0.6523416327480496,
    "eval_count": 61
  },
  "alpha_search": {
    "0.0": {
      "R@1": 0.09836065573770492,
      "R@5": 0.19672131147540983,
      "R@10": 0.3114754098360656,
      "MRR": 0.14175774134790528,
      "nDCG@10": 0.18038588311700388,
      "eval_count": 61
    },
    "0.1": {
      "R@1": 0.16393442622950818,
      "R@5": 0.3114754098360656,
      "R@10": 0.45901639344262296,
      "MRR": 0.23097840228987765,
      "nDCG@10": 0.2834421924203418,
      "eval_count": 61
    },
    "0.2": {
      "R@1": 0.18032786885245902,
      "R@5": 0.45901639344262296,
      "R@10": 0.5737704918032787,
      "MRR": 0.2956934686442883,
      "nDCG@10": 0.3617466428213132,
      "eval_count": 61
    },
    "0.3": {
      "R@1": 0.26229508196721313,
      "R@5": 0.5573770491803278,
      "R@10": 0.6885245901639344,
      "MRR": 0.40226385636221695,
      "nDCG@10": 0.4712872652470687,
      "eval_count": 61
    },
    "0.4": {
      "R@1": 0.32786885245901637,
      "R@5": 0.6885245901639344,
      "R@10": 0.7704918032786885,
      "MRR": 0.47526671870934156,
      "nDCG@10": 0.546906881732021,
      "eval_count": 61
    },
    "0.5": {
      "R@1": 0.36065573770491804,
      "R@5": 0.6885245901639344,
      "R@10": 0.8360655737704918,
      "MRR": 0.5100702576112413,
      "nDCG@10": 0.5881322503075602,
      "eval_count": 61
    },
    "0.6": {
      "R@1": 0.4262295081967213,
      "R@5": 0.7540983606557377,
      "R@10": 0.8524590163934426,
      "MRR": 0.5601027842831121,
      "nDCG@10": 0.6305978038756835,
      "eval_count": 61
    },
    "0.7": {
      "R@1": 0.45901639344262296,
      "R@5": 0.7540983606557377,
      "R@10": 0.8688524590163934,
      "MRR": 0.5842180588082228,
      "nDCG@10": 0.6523416327480496,
      "eval_count": 61
    }
  }
}