{
  "source": "feta",
  "dataset": "feta",
  "best_edges": [
    "has_column",
    "same_page"
  ],
  "best_alpha": 0.7,
  "twig_ours": {
    "R@1": 0.8822355289421158,
    "R@5": 0.9620758483033932,
    "R@10": 0.9820359281437125,
    "MRR": 0.9168448816652408,
    "nDCG@10": 0.9327037938647802,
    "eval_count": 501
  },
  "twig_ablation_baseline": {
    "config": "A20",
    "R@1": 0.8842,
    "R@5": 0.9641,
    "R@10": 0.982
  },
  "qa_v3": {
    "R@1": 0.8762475049900199,
    "R@5": 0.9540918163672655,
    "R@10": 0.9820359281437125,
    "MRR": 0.9103356778506478,
    "nDCG@10": 0.9275643236168386,
    "eval_count": 501
  },
  "alpha_search": {
    "0.0": {
      "R@1": 0.4151696606786427,
      "R@5": 0.7105788423153693,
      "R@10": 0.812375249500998,
      "MRR": 0.5393300700186926,
      "nDCG@10": 0.6047591097616442,
      "eval_count": 501
    },
    "0.1": {
      "R@1": 0.5528942115768463,
      "R@5": 0.8203592814371258,
      "R@10": 0.8882235528942116,
      "MRR": 0.6665383518676933,
      "nDCG@10": 0.7203494236468011,
      "eval_count": 501
    },
    "0.2": {
      "R@1": 0.6806387225548902,
      "R@5": 0.8762475049900199,
      "R@10": 0.9301397205588823,
      "MRR": 0.7691220733136899,
      "nDCG@10": 0.8084665108728124,
      "eval_count": 501
    },
    "0.3": {
      "R@1": 0.7764471057884231,
      "R@5": 0.9161676646706587,
      "R@10": 0.9520958083832335,
      "MRR": 0.8373792098342994,
      "nDCG@10": 0.8653353181554151,
      "eval_count": 501
    },
    "0.4": {
      "R@1": 0.8343313373253493,
      "R@5": 0.9401197604790419,
      "R@10": 0.9600798403193613,
      "MRR": 0.877721541044894,
      "nDCG@10": 0.8978462862799345,
      "eval_count": 501
    },
    "0.5": {
      "R@1": 0.8522954091816367,
      "R@5": 0.9540918163672655,
      "R@10": 0.9680638722554891,
      "MRR": 0.8934210943192977,
      "nDCG@10": 0.9117460699993634,
      "eval_count": 501
    },
    "0.6": {
      "R@1": 0.8682634730538922,
      "R@5": 0.9560878243512974,
      "R@10": 0.9740518962075848,
      "MRR": 0.9050201184931721,
      "nDCG@10": 0.9218274958875565,
      "eval_count": 501
    },
    "0.7": {
      "R@1": 0.8762475049900199,
      "R@5": 0.9540918163672655,
      "R@10": 0.9820359281437125,
      "MRR": 0.9103356778506478,
      "nDCG@10": 0.9275643236168386,
      "eval_count": 501
    }
  }
}