{
  "source": "mimo_ch",
  "dataset": "mimo_ch",
  "best_edges": [
    "similar_content"
  ],
  "best_alpha": 0.6,
  "twig_ours": {
    "R@1": 0.35783333333333334,
    "R@5": 0.6135,
    "R@10": 0.6791666666666667,
    "MRR": 0.5504285714285716,
    "nDCG@10": 0.532894863802364,
    "eval_count": 100
  },
  "twig_ablation_baseline": {
    "config": "A2",
    "R@1": 0.4245,
    "R@5": 0.5982,
    "R@10": 0.6835
  },
  "qa_v3": {
    "R@1": 0.3386666666666666,
    "R@5": 0.5621666666666667,
    "R@10": 0.6683333333333334,
    "MRR": 0.5236190476190478,
    "nDCG@10": 0.5170267993665911,
    "eval_count": 100
  },
  "alpha_search": {
    "0.0": {
      "R@1": 0.0375,
      "R@5": 0.16566666666666666,
      "R@10": 0.30016666666666664,
      "MRR": 0.12285714285714286,
      "nDCG@10": 0.15163273742658606,
      "eval_count": 100
    },
    "0.1": {
      "R@1": 0.14283333333333334,
      "R@5": 0.31699999999999995,
      "R@10": 0.4133333333333333,
      "MRR": 0.25206746031746025,
      "nDCG@10": 0.2724541163852391,
      "eval_count": 100
    },
    "0.2": {
      "R@1": 0.19783333333333336,
      "R@5": 0.3803333333333333,
      "R@10": 0.4975,
      "MRR": 0.3284365079365078,
      "nDCG@10": 0.3461239994637413,
      "eval_count": 100
    },
    "0.3": {
      "R@1": 0.24616666666666664,
      "R@5": 0.46799999999999997,
      "R@10": 0.5583333333333333,
      "MRR": 0.40263492063492057,
      "nDCG@10": 0.4114542524809822,
      "eval_count": 100
    },
    "0.4": {
      "R@1": 0.30866666666666664,
      "R@5": 0.5138333333333334,
      "R@10": 0.6016666666666667,
      "MRR": 0.46534126984126983,
      "nDCG@10": 0.46524194417804965,
      "eval_count": 100
    },
    "0.5": {
      "R@1": 0.3261666666666666,
      "R@5": 0.5468333333333334,
      "R@10": 0.6483333333333334,
      "MRR": 0.5021904761904762,
      "nDCG@10": 0.49904207414651003,
      "eval_count": 100
    },
    "0.6": {
      "R@1": 0.3386666666666666,
      "R@5": 0.5621666666666667,
      "R@10": 0.6683333333333334,
      "MRR": 0.5236190476190478,
      "nDCG@10": 0.5170267993665911,
      "eval_count": 100
    },
    "0.7": {
      "R@1": 0.3286666666666666,
      "R@5": 0.5721666666666667,
      "R@10": 0.6683333333333334,
      "MRR": 0.5221428571428572,
      "nDCG@10": 0.5137740219163972,
      "eval_count": 100
    }
  }
}