{
  "source": "mimo_en",
  "dataset": "mimo_en",
  "best_edges": [
    "has_column",
    "similar_content",
    "shared_column_name"
  ],
  "best_alpha": 0.3,
  "twig_ours": {
    "R@1": 0.32857142857142857,
    "R@5": 0.621957671957672,
    "R@10": 0.674867724867725,
    "MRR": 0.4912005542957923,
    "nDCG@10": 0.5212544513315385,
    "eval_count": 63
  },
  "twig_ablation_baseline": {
    "config": "A19",
    "R@1": 0.3854,
    "R@5": 0.5955,
    "R@10": 0.7368
  },
  "qa_v3": {
    "R@1": 0.3603174603174603,
    "R@5": 0.614021164021164,
    "R@10": 0.6843915343915346,
    "MRR": 0.5238536155202821,
    "nDCG@10": 0.5421272990553988,
    "eval_count": 63
  },
  "alpha_search": {
    "0.0": {
      "R@1": 0.3888888888888889,
      "R@5": 0.5759259259259258,
      "R@10": 0.6812169312169313,
      "MRR": 0.5238914084152179,
      "nDCG@10": 0.5443947345344089,
      "eval_count": 63
    },
    "0.1": {
      "R@1": 0.3888888888888889,
      "R@5": 0.594973544973545,
      "R@10": 0.6812169312169313,
      "MRR": 0.5236016628873771,
      "nDCG@10": 0.544202798123043,
      "eval_count": 63
    },
    "0.2": {
      "R@1": 0.373015873015873,
      "R@5": 0.5981481481481481,
      "R@10": 0.6812169312169313,
      "MRR": 0.5212459057697153,
      "nDCG@10": 0.5416304726233547,
      "eval_count": 63
    },
    "0.3": {
      "R@1": 0.3603174603174603,
      "R@5": 0.614021164021164,
      "R@10": 0.6843915343915346,
      "MRR": 0.5238536155202821,
      "nDCG@10": 0.5421272990553988,
      "eval_count": 63
    },
    "0.4": {
      "R@1": 0.3603174603174603,
      "R@5": 0.6219576719576719,
      "R@10": 0.6796296296296297,
      "MRR": 0.5248677248677248,
      "nDCG@10": 0.5449914335239961,
      "eval_count": 63
    },
    "0.5": {
      "R@1": 0.3603174603174603,
      "R@5": 0.6219576719576719,
      "R@10": 0.6796296296296297,
      "MRR": 0.5205215419501134,
      "nDCG@10": 0.5414373739265552,
      "eval_count": 63
    },
    "0.6": {
      "R@1": 0.3603174603174603,
      "R@5": 0.6298941798941798,
      "R@10": 0.6796296296296297,
      "MRR": 0.521050642479214,
      "nDCG@10": 0.541877756823175,
      "eval_count": 63
    },
    "0.7": {
      "R@1": 0.34444444444444444,
      "R@5": 0.6378306878306877,
      "R@10": 0.6828042328042329,
      "MRR": 0.5124527588813302,
      "nDCG@10": 0.5377425336971193,
      "eval_count": 63
    }
  }
}