{
  "source": "mmqa",
  "dataset": "mmqa",
  "best_edges": [
    "similar_table",
    "has_column",
    "comes_from",
    "same_page",
    "similar_content"
  ],
  "best_alpha": 0.7,
  "twig_ours": {
    "R@1": 0.38904569892473106,
    "R@5": 0.654502688172043,
    "R@10": 0.7583333333333334,
    "MRR": 0.9150537634408601,
    "nDCG@10": 0.719702396539779,
    "eval_count": 248
  },
  "twig_ablation_baseline": {
    "config": "A62",
    "R@1": 0.0,
    "R@5": 0.6411,
    "R@10": 0.7452
  },
  "qa_v3": {
    "R@1": 0.3877016129032257,
    "R@5": 0.6477822580645161,
    "R@10": 0.7532930107526882,
    "MRR": 0.9118951612903223,
    "nDCG@10": 0.7137152421072055,
    "eval_count": 248
  },
  "alpha_search": {
    "0.0": {
      "R@1": 0.38232526881720424,
      "R@5": 0.6286290322580642,
      "R@10": 0.7116263440860214,
      "MRR": 0.9051075268817205,
      "nDCG@10": 0.6896007268855335,
      "eval_count": 248
    },
    "0.1": {
      "R@1": 0.3843413978494623,
      "R@5": 0.6333333333333332,
      "R@10": 0.7176747311827957,
      "MRR": 0.9075716845878137,
      "nDCG@10": 0.6936560441806231,
      "eval_count": 248
    },
    "0.2": {
      "R@1": 0.3843413978494623,
      "R@5": 0.6366935483870966,
      "R@10": 0.7217069892473118,
      "MRR": 0.9084789426523299,
      "nDCG@10": 0.6966842595533257,
      "eval_count": 248
    },
    "0.3": {
      "R@1": 0.3843413978494623,
      "R@5": 0.6366935483870966,
      "R@10": 0.7351478494623656,
      "MRR": 0.907598886328725,
      "nDCG@10": 0.7018400882699539,
      "eval_count": 248
    },
    "0.4": {
      "R@1": 0.3843413978494623,
      "R@5": 0.6346774193548385,
      "R@10": 0.7351478494623656,
      "MRR": 0.9079349078341014,
      "nDCG@10": 0.7023921673683204,
      "eval_count": 248
    },
    "0.5": {
      "R@1": 0.3877016129032257,
      "R@5": 0.6390456989247311,
      "R@10": 0.7432123655913978,
      "MRR": 0.9123031874039937,
      "nDCG@10": 0.7080118269110811,
      "eval_count": 248
    },
    "0.6": {
      "R@1": 0.38971774193548375,
      "R@5": 0.6437499999999999,
      "R@10": 0.7499327956989248,
      "MRR": 0.9138152841781872,
      "nDCG@10": 0.7121412647047803,
      "eval_count": 248
    },
    "0.7": {
      "R@1": 0.3877016129032257,
      "R@5": 0.6477822580645161,
      "R@10": 0.7532930107526882,
      "MRR": 0.9118951612903223,
      "nDCG@10": 0.7137152421072055,
      "eval_count": 248
    }
  }
}