{
  "source": "ottqa",
  "dataset": "ottqa",
  "best_edges": [
    "has_column",
    "similar_content"
  ],
  "best_alpha": 0.7,
  "twig_ours": {
    "R@1": 0.8303249097472925,
    "R@5": 0.9675090252707581,
    "R@10": 0.983754512635379,
    "MRR": 0.8903945332645694,
    "nDCG@10": 0.9136845216078271,
    "eval_count": 554
  },
  "twig_ablation_baseline": {
    "config": "A18",
    "R@1": 0.8394,
    "R@5": 0.9495,
    "R@10": 0.9765
  },
  "qa_v3": {
    "R@1": 0.8086642599277978,
    "R@5": 0.9693140794223827,
    "R@10": 0.9819494584837545,
    "MRR": 0.8776860924875365,
    "nDCG@10": 0.9037434960919917,
    "eval_count": 554
  },
  "alpha_search": {
    "0.0": {
      "R@1": 0.388086642599278,
      "R@5": 0.7003610108303249,
      "R@10": 0.8050541516245487,
      "MRR": 0.5202517047733655,
      "nDCG@10": 0.5886867922875572,
      "eval_count": 554
    },
    "0.1": {
      "R@1": 0.516245487364621,
      "R@5": 0.7996389891696751,
      "R@10": 0.8844765342960289,
      "MRR": 0.6369720932897829,
      "nDCG@10": 0.6966887314041053,
      "eval_count": 554
    },
    "0.2": {
      "R@1": 0.6137184115523465,
      "R@5": 0.8736462093862816,
      "R@10": 0.9314079422382672,
      "MRR": 0.7265758409260213,
      "nDCG@10": 0.7766886809633475,
      "eval_count": 554
    },
    "0.3": {
      "R@1": 0.6823104693140795,
      "R@5": 0.9187725631768953,
      "R@10": 0.9548736462093863,
      "MRR": 0.7853317861440602,
      "nDCG@10": 0.8270841012682485,
      "eval_count": 554
    },
    "0.4": {
      "R@1": 0.7328519855595668,
      "R@5": 0.9350180505415162,
      "R@10": 0.9638989169675091,
      "MRR": 0.8219901438312989,
      "nDCG@10": 0.857203287076846,
      "eval_count": 554
    },
    "0.5": {
      "R@1": 0.7707581227436823,
      "R@5": 0.9530685920577617,
      "R@10": 0.9729241877256317,
      "MRR": 0.849347458598361,
      "nDCG@10": 0.8800435665437504,
      "eval_count": 554
    },
    "0.6": {
      "R@1": 0.7978339350180506,
      "R@5": 0.9620938628158845,
      "R@10": 0.98014440433213,
      "MRR": 0.8682231677267778,
      "nDCG@10": 0.8960182363489169,
      "eval_count": 554
    },
    "0.7": {
      "R@1": 0.8086642599277978,
      "R@5": 0.9693140794223827,
      "R@10": 0.9819494584837545,
      "MRR": 0.8776860924875365,
      "nDCG@10": 0.9037434960919917,
      "eval_count": 554
    }
  }
}