{
  "feta": {
    "source": "feta",
    "dataset": "feta",
    "best_edges": [
      "has_column",
      "same_page"
    ],
    "best_alpha": 0.7,
    "twig_ours": {
      "R@1": 0.8822355289421158,
      "R@5": 0.9620758483033932,
      "R@10": 0.9820359281437125,
      "MRR": 0.9168448816652408,
      "nDCG@10": 0.9327037938647802,
      "eval_count": 501
    },
    "twig_ablation_baseline": {
      "config": "A20",
      "R@1": 0.8842,
      "R@5": 0.9641,
      "R@10": 0.982
    },
    "qa_v3": {
      "R@1": 0.8762475049900199,
      "R@5": 0.9540918163672655,
      "R@10": 0.9820359281437125,
      "MRR": 0.9103356778506478,
      "nDCG@10": 0.9275643236168386,
      "eval_count": 501
    },
    "alpha_search": {
      "0.0": {
        "R@1": 0.4151696606786427,
        "R@5": 0.7105788423153693,
        "R@10": 0.812375249500998,
        "MRR": 0.5393300700186926,
        "nDCG@10": 0.6047591097616442,
        "eval_count": 501
      },
      "0.1": {
        "R@1": 0.5528942115768463,
        "R@5": 0.8203592814371258,
        "R@10": 0.8882235528942116,
        "MRR": 0.6665383518676933,
        "nDCG@10": 0.7203494236468011,
        "eval_count": 501
      },
      "0.2": {
        "R@1": 0.6806387225548902,
        "R@5": 0.8762475049900199,
        "R@10": 0.9301397205588823,
        "MRR": 0.7691220733136899,
        "nDCG@10": 0.8084665108728124,
        "eval_count": 501
      },
      "0.3": {
        "R@1": 0.7764471057884231,
        "R@5": 0.9161676646706587,
        "R@10": 0.9520958083832335,
        "MRR": 0.8373792098342994,
        "nDCG@10": 0.8653353181554151,
        "eval_count": 501
      },
      "0.4": {
        "R@1": 0.8343313373253493,
        "R@5": 0.9401197604790419,
        "R@10": 0.9600798403193613,
        "MRR": 0.877721541044894,
        "nDCG@10": 0.8978462862799345,
        "eval_count": 501
      },
      "0.5": {
        "R@1": 0.8522954091816367,
        "R@5": 0.9540918163672655,
        "R@10": 0.9680638722554891,
        "MRR": 0.8934210943192977,
        "nDCG@10": 0.9117460699993634,
        "eval_count": 501
      },
      "0.6": {
        "R@1": 0.8682634730538922,
        "R@5": 0.9560878243512974,
        "R@10": 0.9740518962075848,
        "MRR": 0.9050201184931721,
        "nDCG@10": 0.9218274958875565,
        "eval_count": 501
      },
      "0.7": {
        "R@1": 0.8762475049900199,
        "R@5": 0.9540918163672655,
        "R@10": 0.9820359281437125,
        "MRR": 0.9103356778506478,
        "nDCG@10": 0.9275643236168386,
        "eval_count": 501
      }
    }
  },
  "ottqa": {
    "source": "ottqa",
    "dataset": "ottqa",
    "best_edges": [
      "has_column",
      "similar_content"
    ],
    "best_alpha": 0.7,
    "twig_ours": {
      "R@1": 0.8303249097472925,
      "R@5": 0.9675090252707581,
      "R@10": 0.983754512635379,
      "MRR": 0.8903945332645694,
      "nDCG@10": 0.9136845216078271,
      "eval_count": 554
    },
    "twig_ablation_baseline": {
      "config": "A18",
      "R@1": 0.8394,
      "R@5": 0.9495,
      "R@10": 0.9765
    },
    "qa_v3": {
      "R@1": 0.8086642599277978,
      "R@5": 0.9693140794223827,
      "R@10": 0.9819494584837545,
      "MRR": 0.8776860924875365,
      "nDCG@10": 0.9037434960919917,
      "eval_count": 554
    },
    "alpha_search": {
      "0.0": {
        "R@1": 0.388086642599278,
        "R@5": 0.7003610108303249,
        "R@10": 0.8050541516245487,
        "MRR": 0.5202517047733655,
        "nDCG@10": 0.5886867922875572,
        "eval_count": 554
      },
      "0.1": {
        "R@1": 0.516245487364621,
        "R@5": 0.7996389891696751,
        "R@10": 0.8844765342960289,
        "MRR": 0.6369720932897829,
        "nDCG@10": 0.6966887314041053,
        "eval_count": 554
      },
      "0.2": {
        "R@1": 0.6137184115523465,
        "R@5": 0.8736462093862816,
        "R@10": 0.9314079422382672,
        "MRR": 0.7265758409260213,
        "nDCG@10": 0.7766886809633475,
        "eval_count": 554
      },
      "0.3": {
        "R@1": 0.6823104693140795,
        "R@5": 0.9187725631768953,
        "R@10": 0.9548736462093863,
        "MRR": 0.7853317861440602,
        "nDCG@10": 0.8270841012682485,
        "eval_count": 554
      },
      "0.4": {
        "R@1": 0.7328519855595668,
        "R@5": 0.9350180505415162,
        "R@10": 0.9638989169675091,
        "MRR": 0.8219901438312989,
        "nDCG@10": 0.857203287076846,
        "eval_count": 554
      },
      "0.5": {
        "R@1": 0.7707581227436823,
        "R@5": 0.9530685920577617,
        "R@10": 0.9729241877256317,
        "MRR": 0.849347458598361,
        "nDCG@10": 0.8800435665437504,
        "eval_count": 554
      },
      "0.6": {
        "R@1": 0.7978339350180506,
        "R@5": 0.9620938628158845,
        "R@10": 0.98014440433213,
        "MRR": 0.8682231677267778,
        "nDCG@10": 0.8960182363489169,
        "eval_count": 554
      },
      "0.7": {
        "R@1": 0.8086642599277978,
        "R@5": 0.9693140794223827,
        "R@10": 0.9819494584837545,
        "MRR": 0.8776860924875365,
        "nDCG@10": 0.9037434960919917,
        "eval_count": 554
      }
    }
  },
  "mimo_en": {
    "source": "mimo_en",
    "dataset": "mimo_en",
    "best_edges": [
      "has_column",
      "similar_content",
      "shared_column_name"
    ],
    "best_alpha": 0.3,
    "twig_ours": {
      "R@1": 0.32857142857142857,
      "R@5": 0.621957671957672,
      "R@10": 0.674867724867725,
      "MRR": 0.4912005542957923,
      "nDCG@10": 0.5212544513315385,
      "eval_count": 63
    },
    "twig_ablation_baseline": {
      "config": "A19",
      "R@1": 0.3854,
      "R@5": 0.5955,
      "R@10": 0.7368
    },
    "qa_v3": {
      "R@1": 0.3603174603174603,
      "R@5": 0.614021164021164,
      "R@10": 0.6843915343915346,
      "MRR": 0.5238536155202821,
      "nDCG@10": 0.5421272990553988,
      "eval_count": 63
    },
    "alpha_search": {
      "0.0": {
        "R@1": 0.3888888888888889,
        "R@5": 0.5759259259259258,
        "R@10": 0.6812169312169313,
        "MRR": 0.5238914084152179,
        "nDCG@10": 0.5443947345344089,
        "eval_count": 63
      },
      "0.1": {
        "R@1": 0.3888888888888889,
        "R@5": 0.594973544973545,
        "R@10": 0.6812169312169313,
        "MRR": 0.5236016628873771,
        "nDCG@10": 0.544202798123043,
        "eval_count": 63
      },
      "0.2": {
        "R@1": 0.373015873015873,
        "R@5": 0.5981481481481481,
        "R@10": 0.6812169312169313,
        "MRR": 0.5212459057697153,
        "nDCG@10": 0.5416304726233547,
        "eval_count": 63
      },
      "0.3": {
        "R@1": 0.3603174603174603,
        "R@5": 0.614021164021164,
        "R@10": 0.6843915343915346,
        "MRR": 0.5238536155202821,
        "nDCG@10": 0.5421272990553988,
        "eval_count": 63
      },
      "0.4": {
        "R@1": 0.3603174603174603,
        "R@5": 0.6219576719576719,
        "R@10": 0.6796296296296297,
        "MRR": 0.5248677248677248,
        "nDCG@10": 0.5449914335239961,
        "eval_count": 63
      },
      "0.5": {
        "R@1": 0.3603174603174603,
        "R@5": 0.6219576719576719,
        "R@10": 0.6796296296296297,
        "MRR": 0.5205215419501134,
        "nDCG@10": 0.5414373739265552,
        "eval_count": 63
      },
      "0.6": {
        "R@1": 0.3603174603174603,
        "R@5": 0.6298941798941798,
        "R@10": 0.6796296296296297,
        "MRR": 0.521050642479214,
        "nDCG@10": 0.541877756823175,
        "eval_count": 63
      },
      "0.7": {
        "R@1": 0.34444444444444444,
        "R@5": 0.6378306878306877,
        "R@10": 0.6828042328042329,
        "MRR": 0.5124527588813302,
        "nDCG@10": 0.5377425336971193,
        "eval_count": 63
      }
    }
  },
  "mimo_ch": {
    "source": "mimo_ch",
    "dataset": "mimo_ch",
    "best_edges": [
      "similar_content"
    ],
    "best_alpha": 0.6,
    "twig_ours": {
      "R@1": 0.35783333333333334,
      "R@5": 0.6135,