{
  "source": "e2ewtq",
  "dataset": "e2ewtq",
  "results": {
    "eval_count": 61,
    "total": 61,
    "Recall@1": 0.4426229508196721,
    "Recall@5": 0.7540983606557377,
    "Recall@10": 0.8360655737704918,
    "MRR@k": 0.5565768930523028,
    "nDCG@5": 0.5964088930860685,
    "nDCG@10": 0.6234626211295602,
    "Precision@5": 0.15081967213114753,
    "Full Recall@5": 0.7540983606557377
  }
}