{
  "source": "e2ewtq",
  "dataset": "e2ewtq",
  "results": {
    "eval_count": 61,
    "total": 61,
    "Recall@1": 0.45901639344262296,
    "Recall@5": 0.819672131147541,
    "Recall@10": 0.8852459016393442,
    "Recall@50": 1.0,
    "MRR@k": 0.604565875390369,
    "nDCG@5": 0.648677861744624,
    "nDCG@10": 0.6687914332651953,
    "Precision@5": 0.16393442622950813,
    "Full Recall@5": 0.819672131147541
  }
}