{
  "source": "feta",
  "dataset": "feta",
  "results": {
    "eval_count": 501,
    "total": 501,
    "Recall@1": 0.8822355289421158,
    "Recall@5": 0.9620758483033932,
    "Recall@10": 0.9820359281437125,
    "Recall@50": 0.998003992015968,
    "MRR@k": 0.9176477876358698,
    "nDCG@5": 0.9261715072973071,
    "nDCG@10": 0.9327037938647803,
    "Precision@5": 0.1924151696606803,
    "Full Recall@5": 0.9620758483033932
  }
}