{
  "source": "mimo_en",
  "dataset": "mimo_en",
  "results": {
    "eval_count": 63,
    "total": 65,
    "Recall@1": 0.32857142857142857,
    "Recall@5": 0.621957671957672,
    "Recall@10": 0.674867724867725,
    "Recall@50": 0.9113756613756613,
    "MRR@k": 0.5005181914703873,
    "nDCG@5": 0.4996688642360379,
    "nDCG@10": 0.5212544513315385,
    "Precision@5": 0.15238095238095237,
    "Full Recall@5": 0.5555555555555556
  }
}