{
  "source": "mimo_ch",
  "dataset": "mimo_ch",
  "results": {
    "eval_count": 100,
    "total": 100,
    "Recall@1": 0.35783333333333334,
    "Recall@5": 0.6135,
    "Recall@10": 0.6791666666666667,
    "Recall@50": 0.8376666666666667,
    "MRR@k": 0.5559772612505137,
    "nDCG@5": 0.5098926135133554,
    "nDCG@10": 0.532894863802364,
    "Precision@5": 0.1499999999999998,
    "Full Recall@5": 0.54
  }
}