{
  "source": "mmqa",
  "dataset": "mmqa",
  "results": {
    "eval_count": 248,
    "total": 248,
    "Recall@1": 0.38366935483870956,
    "Recall@5": 0.6450940860215053,
    "Recall@10": 0.7290994623655914,
    "MRR@k": 0.90568356374808,
    "nDCG@5": 0.6647115453917323,
    "nDCG@10": 0.6988400509138349,
    "Precision@5": 0.29274193548387173,
    "Full Recall@5": 0.3225806451612903
  }
}