{
  "source": "mmqa",
  "dataset": "mmqa",
  "results": {
    "eval_count": 248,
    "total": 248,
    "Recall@1": 0.38904569892473106,
    "Recall@5": 0.654502688172043,
    "Recall@10": 0.7583333333333334,
    "Recall@50": 0.9205645161290323,
    "MRR@k": 0.9153478936710303,
    "nDCG@5": 0.6769740714516811,
    "nDCG@10": 0.719702396539779,
    "Precision@5": 0.29838709677419434,
    "Full Recall@5": 0.3064516129032258
  }
}