{
  "source": "ottqa",
  "dataset": "ottqa",
  "results": {
    "eval_count": 554,
    "total": 554,
    "Recall@1": 0.8303249097472925,
    "Recall@5": 0.9675090252707581,
    "Recall@10": 0.983754512635379,
    "Recall@50": 0.9981949458483754,
    "MRR@k": 0.8912812600909862,
    "nDCG@5": 0.9080216278846358,
    "nDCG@10": 0.9136845216078271,
    "Precision@5": 0.1935018050541534,
    "Full Recall@5": 0.9675090252707581
  }
}