{
  "experiment": "Query-Aware v2 Edge Ablation (A0-A63)",
  "dataset": "mimo_en",
  "edge_types": [
    "similar_table",
    "has_column",
    "comes_from",
    "same_page",
    "similar_content",
    "shared_column_name"
  ],
  "edge_abbreviations": [
    "tt",
    "tc",
    "tp",
    "sp",
    "cc",
    "sc"
  ],
  "timestamp": "2026-06-03T18:12:42.534029",
  "twig_hps": {
    "LEARNING_RATE": 0.0005543418807199451,
    "HIDDEN_CHANNELS": 768,
    "DROPOUT": 0.10028905529000982,
    "WEIGHT_DECAY": 0.03217253330215496,
    "SAGE_AGGR": "min",
    "HETERO_AGGR": "max",
    "CLIP_GRAD_NORM": 0.6,
    "TEMP_START": 0.05,
    "TEMP_END": 0.03,
    "SMOOTH_START": 0.12,
    "SMOOTH_END": 0.06,
    "NUM_EPOCHS": 30,
    "WARMUP_EPOCHS": 2,
    "BATCH_SIZE": 128,
    "CHUNK_SIZE": 1024
  },
  "qa_hps": {
    "QUERY_EDGE_MODE": "E4",
    "BASE_LR": 0.0001,
    "QUERY_LR": 0.0005,
    "NUM_EPOCHS": 15,
    "SUBGRAPH_K": 30
  },
  "results": [
    {
      "config": "A54",
      "code": 54,
      "binary": "110110",
      "label": "tt + tc + sp + cc",
      "num_edges": 4,
      "kept_edges": "similar_table, has_column, same_page, similar_content",
      "elapsed_min": 2.3,
      "eval_count": 64,
      "QA_R@1": 0.38125,
      "QA_R@2": 0.49687499999999996,
      "QA_R@5": 0.5895833333333333,
      "QA_R@10": 0.6484375,
      "QA_R@50": 0.8968750000000001,
      "QA_MRR": 0.5590109607671138,
      "QA_nDCG@10": 0.5400115764907049,
      "TWIG_R@1": 0.3864583333333333,
      "TWIG_R@2": 0.4833333333333333,
      "TWIG_R@5": 0.5739583333333333,
      "TWIG_R@10": 0.6765625,
      "TWIG_R@50": 0.9432291666666666,
      "TWIG_MRR": 0.5377998660381373,
      "test_eval_count": 63,
      "test_QA_R@1": 0.36957671957671956,
      "test_QA_R@2": 0.44100529100529096,
      "test_QA_R@5": 0.5743386243386243,
      "test_QA_R@10": 0.6944444444444443,
      "test_QA_R@50": 0.9444444444444444,
      "test_QA_MRR": 0.5584447610232948,
      "test_QA_nDCG@10": 0.5420241275682329,
      "test_TWIG_R@1": 0.3761904761904762,
      "test_TWIG_R@2": 0.5044973544973544,
      "test_TWIG_R@5": 0.5891534391534392,
      "test_TWIG_R@10": 0.7510582010582011,
      "test_TWIG_R@50": 0.9253968253968253,
      "test_TWIG_MRR": 0.564312487150833
    },
    {
      "config": "A55",
      "code": 55,
      "binary": "110111",
      "label": "tt + tc + sp + cc + sc",
      "num_edges": 5,
      "kept_edges": "similar_table, has_column, same_page, similar_content, shared_column_name",
      "elapsed_min": 1.9,
      "eval_count": 64,
      "QA_R@1": 0.3552083333333333,
      "QA_R@2": 0.47812499999999997,
      "QA_R@5": 0.6229166666666666,
      "QA_R@10": 0.6989583333333333,
      "QA_R@50": 0.9411458333333333,
      "QA_MRR": 0.5358184347095165,
      "QA_nDCG@10": 0.5458703036319648,
      "TWIG_R@1": 0.2817708333333333,
      "TWIG_R@2": 0.4020833333333333,
      "TWIG_R@5": 0.5583333333333333,
      "TWIG_R@10": 0.6817708333333333,
      "TWIG_R@50": 0.9197916666666666,
      "TWIG_MRR": 0.4495918328643353,
      "test_eval_count": 63,
      "test_QA_R@1": 0.3656084656084656,
      "test_QA_R@2": 0.5089947089947089,
      "test_QA_R@5": 0.6193121693121694,
      "test_QA_R@10": 0.7317460317460318,
      "test_QA_R@50": 0.9629629629629629,
      "test_QA_MRR": 0.5716802521150347,
      "test_QA_nDCG@10": 0.5662384574253784,
      "test_TWIG_R@1": 0.34973544973544973,
      "test_TWIG_R@2": 0.44814814814814813,
      "test_TWIG_R@5": 0.566931216931217,
      "test_TWIG_R@10": 0.685978835978836,
      "test_TWIG_R@50": 0.933862433862434,
      "test_TWIG_MRR": 0.5317808069273425
    },
    {
      "config": "A56",
      "code": 56,
      "binary": "111000",
      "label": "tt + tc + tp",
      "num_edges": 3,
      "kept_edges": "similar_table, has_column, comes_from",
      "elapsed_min": 1.1,
      "eval_count": 64,
      "QA_R@1": 0.4177083333333333,
      "QA_R@2": 0.5067708333333333,
      "QA_R@5": 0.6385416666666666,
      "QA_R@10": 0.7046874999999999,
      "QA_R@50": 0.9645833333333333,
      "QA_MRR": 0.5708310740639413,
      "QA_nDCG@10": 0.5736955649732915,
      "TWIG_R@1": 0.4046875,
      "TWIG_R@2": 0.5145833333333333,
      "TWIG_R@5": 0.6229166666666667,
      "TWIG_R@10": 0.7145833333333333,
      "TWIG_R@50": 0.9177083333333333,
      "TWIG_MRR": 0.5524950110357908,
      "test_eval_count": 63,
      "test_QA_R@1": 0.4595238095238095,
      "test_QA_R@2": 0.5521164021164021,
      "test_QA_R@5": 0.674867724867725,
      "test_QA_R@10": 0.7772486772486773,
      "test_QA_R@50": 0.9259259259259259,
      "test_QA_MRR": 0.6336584884583506,
      "test_QA_nDCG@10": 0.6312439133778792,
      "test_TWIG_R@1": 0.4013227513227513,
      "test_TWIG_R@2": 0.5177248677248677,
      "test_TWIG_R@5": 0.632010582010582,
      "test_TWIG_R@10": 0.7455026455026456,
      "test_TWIG_R@50": 0.9365079365079366,
      "test_TWIG_MRR": 0.5979490787077156
    },
    {
      "config": "A57",
      "code": 57,
      "binary": "111001",
      "label": "tt + tc + tp + sc",
      "num_edges": 4,
      "kept_edges": "similar_table, has_column, comes_from, shared_column_name",
      "elapsed_min": 1.4,
      "eval_count": 64,
      "QA_R@1": 0.42291666666666666,
      "QA_R@2": 0.47291666666666665,
      "QA_R@5": 0.6078125,
      "QA_R@10": 0.6895833333333333,
      "QA_R@50": 0.9411458333333333,
      "QA_MRR": 0.5723009894984961,
      "QA_nDCG@10": 0.5663134463181689,
      "TWIG_R@1": 0.3552083333333333,
      "TWIG_R@2": 0.4052083333333333,
      "TWIG_R@5": 0.6208333333333333,
      "TWIG_R@10": 0.7260416666666667,
      "TWIG_R@50": 0.9510416666666666,
      "TWIG_MRR": 0.5016601781902599,
      "test_eval_count": 63,
      "test_QA_R@1": 0.3735449735449735,
      "test_QA_R@2": 0.5203703703703704,
      "test_QA_R@5": 0.7066137566137566,
      "test_QA_R@10": 0.7351851851851853,
      "test_QA_R@50": 0.9365079365079365,
      "test_QA_MRR": 0.5893148877484717,
      "test_QA_nDCG@10": 0.5860412194204734,
      "test_TWIG_R@1": 0.3338624338624338,
      "test_TWIG_R@2": 0.40529100529100526,
      "test_TWIG_R@5": 0.6034391534391534,
      "test_TWIG_R@10": 0.701851851851852,
      "test_TWIG_R@50": 0.9629629629629629,
      "test_TWIG_MRR": 0.5132604388571725
    },
    {
      "config": "A58",
      "code": 58,
      "binary": "111010",
      "label": "tt + tc + tp + cc",
      "num_edges": 4,
      "kept_edges": "similar_table, has_column, comes_from, similar_content",
      "elapsed_min": 1.1,
      "eval_count": 64,
      "QA_R@1": 0.36041666666666666,
      "QA_R@2": 0.46041666666666664,
      "QA_R@5": 0.6031249999999999,
      "QA_R@10": 0.6817708333333333,
      "QA_R@50": 0.9328125,
      "QA_MRR": 0.5440743709955543,
      "QA_nDCG@10": 0.5385628431789053,
      "TWIG_R@1": 0.37604166666666666,
      "TWIG_R@2": 0.45729166666666665,
      "TWIG_R@5": 0.609375,
      "TWIG_R@10": 0.7078125,
      "TWIG_R@50": 0.9333333333333333,
      "TWIG_MRR": 0.5385921219916893,
      "test_eval_count": 63,
      "test_QA_R@1": 0.40793650793650793,
      "test_QA_R@2": 0.5208994708994709,
      "test_QA_R@5": 0.658994708994709,
      "test_QA_R@10": 0.7097883597883599,
      "test_QA_R@50": 0.9232804232804233,
      "test_QA_MRR": 0.5961272129085807,
      "test_QA_nDCG@10": 0.5827025242234006,
      "test_TWIG_R@1": 0.39735449735449735,
      "test_TWIG_R@2": 0.512962962962963,
      "test_TWIG_R@5": 0.632010582010582,
      "test_TWIG_R@10": 0.7034391534391535,
      "test_TWIG_R@50": 0.9042328042328043,
      "test_TWIG_MRR": 0.5868513958289869
    },
    {
      "config": "A59",
      "code": 59,
      "binary": "111011",
      "label": "tt + tc + tp + cc + sc",
      "num_edges": 5,
      "kept_edges": "similar_table, has_column, comes_from, similar_content, shared_column_name",
      "elapsed_min": 1.7,
      "eval_count": 64,
      "QA_R@1": 0.39166666666666666,
      "QA_R@2": 0.5088541666666666,
      "QA_R@5": 0.6015625,
      "QA_R@10": 0.7359374999999999,